time,play_by_play,UCLA,USC,quarter,date
10:00,Start game,0,0,1,"February 13, 2025"
9:58,Jump Ball won by USC,0,0,1,"February 13, 2025"
9:58,Jump Ball lost by UCLA,0,0,1,"February 13, 2025"
9:43,JuJu Watkins missed Jumper.,0,0,1,"February 13, 2025"
9:38,Kiki Rice Defensive Rebound.,0,0,1,"February 13, 2025"
9:34,Kiki Rice missed Layup.,0,0,1,"February 13, 2025"
9:34,JuJu Watkins Block.,0,0,1,"February 13, 2025"
9:31,Rayah Marshall Defensive Rebound.,0,0,1,"February 13, 2025"
9:27,Talia von Oelhoffen made Three Point Jumper. Assisted by Kiki Iriafen.,0,3,1,"February 13, 2025"
9:09,Angela Dugalic Turnover.,0,3,1,"February 13, 2025"
8:54,Kennedy Smith missed Three Point Jumper.,0,3,1,"February 13, 2025"
8:49,Lauren Betts Defensive Rebound.,0,3,1,"February 13, 2025"
8:39,Foul on Rayah Marshall.,0,3,1,"February 13, 2025"
8:39,Lauren Betts made Free Throw.,1,3,1,"February 13, 2025"
8:39,Lauren Betts made Free Throw.,2,3,1,"February 13, 2025"
8:16,Rayah Marshall missed Jumper.,2,3,1,"February 13, 2025"
8:12,Angela Dugalic Defensive Rebound.,2,3,1,"February 13, 2025"
8:02,Lauren Betts missed Jumper.,2,3,1,"February 13, 2025"
7:59,JuJu Watkins Defensive Rebound.,2,3,1,"February 13, 2025"
7:51,Rayah Marshall missed Jumper.,2,3,1,"February 13, 2025"
7:47,Londynn Jones Defensive Rebound.,2,3,1,"February 13, 2025"
7:42,Gabriela Jaquez made Layup. Assisted by Londynn Jones.,4,3,1,"February 13, 2025"
7:21,Kennedy Smith Turnover.,4,3,1,"February 13, 2025"
7:21,Subbing out for USC-Rayah Marshall,4,3,1,"February 13, 2025"
7:21,Subbing in for USC-Clarice Akunwafo,4,3,1,"February 13, 2025"
7:06,Gabriela Jaquez missed Jumper.,4,3,1,"February 13, 2025"
7:02,Kiki Iriafen Defensive Rebound.,4,3,1,"February 13, 2025"
6:50,JuJu Watkins made Three Point Jumper.,4,6,1,"February 13, 2025"
6:31,Foul on Kennedy Smith.,4,6,1,"February 13, 2025"
6:31,Kiki Rice made Free Throw.,5,6,1,"February 13, 2025"
6:31,Kiki Rice made Free Throw.,6,6,1,"February 13, 2025"
6:31,Subbing out for UCLA-Angela Dugalic,6,6,1,"February 13, 2025"
6:31,Subbing in for UCLA-Janiah Barker,6,6,1,"February 13, 2025"
6:24,Talia von Oelhoffen Turnover.,6,6,1,"February 13, 2025"
6:10,Subbing out for USC-Kennedy Smith,6,6,1,"February 13, 2025"
6:10,Subbing out for USC-Talia von Oelhoffen,6,6,1,"February 13, 2025"
6:10,Subbing in for USC-Kayleigh Heckel,6,6,1,"February 13, 2025"
6:10,Subbing in for USC-Avery Howell,6,6,1,"February 13, 2025"
5:56,Janiah Barker made Layup. Assisted by Lauren Betts.,8,6,1,"February 13, 2025"
5:47,JuJu Watkins made Jumper.,8,8,1,"February 13, 2025"
5:29,Londynn Jones missed Jumper.,8,8,1,"February 13, 2025"
5:24,Kiki Iriafen Defensive Rebound.,8,8,1,"February 13, 2025"
5:13,JuJu Watkins made Three Point Jumper.,8,11,1,"February 13, 2025"
4:45,Lauren Betts Turnover.,8,11,1,"February 13, 2025"
4:45,Kayleigh Heckel Steal.,8,11,1,"February 13, 2025"
4:40,JuJu Watkins missed Three Point Jumper.,8,11,1,"February 13, 2025"
4:38,Kiki Rice Defensive Rebound.,8,11,1,"February 13, 2025"
4:38,Official TV Timeout,8,11,1,"February 13, 2025"
4:38,Subbing out for UCLA-Londynn Jones,8,11,1,"February 13, 2025"
4:38,Subbing out for UCLA-Gabriela Jaquez,8,11,1,"February 13, 2025"
4:38,Subbing in for UCLA-Elina Aarnisalo,8,11,1,"February 13, 2025"
4:38,Subbing in for UCLA-Timea Gardiner,8,11,1,"February 13, 2025"
4:26,Janiah Barker Turnover.,8,11,1,"February 13, 2025"
4:26,Clarice Akunwafo Steal.,8,11,1,"February 13, 2025"
4:18,Foul on Elina Aarnisalo.,8,11,1,"February 13, 2025"
4:18,Kayleigh Heckel made Free Throw.,8,12,1,"February 13, 2025"
4:18,Kayleigh Heckel made Free Throw.,8,13,1,"February 13, 2025"
4:09,Timea Gardiner missed Three Point Jumper.,8,13,1,"February 13, 2025"
4:06,Clarice Akunwafo Defensive Rebound.,8,13,1,"February 13, 2025"
3:58,Kiki Iriafen made Layup. Assisted by JuJu Watkins.,8,15,1,"February 13, 2025"
3:37,Janiah Barker made Jumper. Assisted by Elina Aarnisalo.,10,15,1,"February 13, 2025"
3:30,Foul on Janiah Barker.,10,15,1,"February 13, 2025"
3:30,Subbing out for USC-Avery Howell,10,15,1,"February 13, 2025"
3:30,Subbing out for USC-Clarice Akunwafo,10,15,1,"February 13, 2025"
3:30,Subbing in for USC-Kennedy Smith,10,15,1,"February 13, 2025"
3:30,Subbing in for USC-Rayah Marshall,10,15,1,"February 13, 2025"
3:30,Subbing out for UCLA-Kiki Rice,10,15,1,"February 13, 2025"
3:30,Subbing out for UCLA-Lauren Betts,10,15,1,"February 13, 2025"
3:30,Subbing in for UCLA-Londynn Jones,10,15,1,"February 13, 2025"
3:30,Subbing in for UCLA-Angela Dugalic,10,15,1,"February 13, 2025"
3:26,JuJu Watkins made Three Point Jumper. Assisted by Kiki Iriafen.,10,18,1,"February 13, 2025"
3:18,Timea Gardiner missed Three Point Jumper.,10,18,1,"February 13, 2025"
3:14,Kiki Iriafen Defensive Rebound.,10,18,1,"February 13, 2025"
3:05,Kiki Iriafen missed Jumper.,10,18,1,"February 13, 2025"
3:01,Elina Aarnisalo Defensive Rebound.,10,18,1,"February 13, 2025"
2:55,Londynn Jones missed Three Point Jumper.,10,18,1,"February 13, 2025"
2:53,USC Deadball Team Rebound.,10,18,1,"February 13, 2025"
2:53,Foul on Janiah Barker.,10,18,1,"February 13, 2025"
2:53,Subbing out for USC-Kiki Iriafen,10,18,1,"February 13, 2025"
2:53,Subbing in for USC-Talia von Oelhoffen,10,18,1,"February 13, 2025"
2:53,Subbing in for UCLA-Gabriela Jaquez,10,18,1,"February 13, 2025"
2:53,Subbing out for UCLA-Janiah Barker,10,18,1,"February 13, 2025"
2:40,Kayleigh Heckel Turnover.,10,18,1,"February 13, 2025"
2:40,Angela Dugalic Steal.,10,18,1,"February 13, 2025"
2:39,Foul on Londynn Jones.,10,18,1,"February 13, 2025"
2:39,Londynn Jones Turnover.,10,18,1,"February 13, 2025"
2:30,Kayleigh Heckel made Layup.,10,20,1,"February 13, 2025"
2:22,UCLA Timeout,10,20,1,"February 13, 2025"
2:22,Subbing out for UCLA-Elina Aarnisalo,10,20,1,"February 13, 2025"
2:22,Subbing out for UCLA-Timea Gardiner,10,20,1,"February 13, 2025"
2:22,Subbing in for UCLA-Kiki Rice,10,20,1,"February 13, 2025"
2:22,Subbing in for UCLA-Lauren Betts,10,20,1,"February 13, 2025"
2:09,Gabriela Jaquez missed Three Point Jumper.,10,20,1,"February 13, 2025"
2:09,JuJu Watkins Block.,10,20,1,"February 13, 2025"
2:06,Gabriela Jaquez Offensive Rebound.,10,20,1,"February 13, 2025"
2:04,Gabriela Jaquez missed Jumper.,10,20,1,"February 13, 2025"
2:01,Gabriela Jaquez Offensive Rebound.,10,20,1,"February 13, 2025"
1:45,Kiki Rice missed Jumper.,10,20,1,"February 13, 2025"
1:41,Gabriela Jaquez Offensive Rebound.,10,20,1,"February 13, 2025"
1:40,Gabriela Jaquez Turnover.,10,20,1,"February 13, 2025"
1:40,Kayleigh Heckel Steal.,10,20,1,"February 13, 2025"
1:36,JuJu Watkins Turnover.,10,20,1,"February 13, 2025"
1:36,Kiki Rice Steal.,10,20,1,"February 13, 2025"
1:31,Angela Dugalic made Three Point Jumper. Assisted by Londynn Jones.,13,20,1,"February 13, 2025"
1:13,Kayleigh Heckel Turnover.,13,20,1,"February 13, 2025"
1:13,Kiki Rice Steal.,13,20,1,"February 13, 2025"
1:03,Lauren Betts made Jumper. Assisted by Kiki Rice.,15,20,1,"February 13, 2025"
0:44,JuJu Watkins missed Jumper.,15,20,1,"February 13, 2025"
0:43,USC Deadball Team Rebound.,15,20,1,"February 13, 2025"
0:43,Foul on Gabriela Jaquez.,15,20,1,"February 13, 2025"
0:43,Subbing out for USC-Kayleigh Heckel,15,20,1,"February 13, 2025"
0:43,Subbing out for USC-JuJu Watkins,15,20,1,"February 13, 2025"
0:43,Subbing out for USC-Rayah Marshall,15,20,1,"February 13, 2025"
0:43,Subbing in for USC-Avery Howell,15,20,1,"February 13, 2025"
0:43,Subbing in for USC-Clarice Akunwafo,15,20,1,"February 13, 2025"
0:43,Subbing in for USC-Kiki Iriafen,15,20,1,"February 13, 2025"
0:43,Kennedy Smith made Free Throw.,15,21,1,"February 13, 2025"
0:43,Kennedy Smith made Free Throw.,15,22,1,"February 13, 2025"
0:20,Gabriela Jaquez missed Three Point Jumper.,15,22,1,"February 13, 2025"
0:16,Talia von Oelhoffen Defensive Rebound.,15,22,1,"February 13, 2025"
0:00,Talia von Oelhoffen made Jumper.,15,24,1,"February 13, 2025"
0:00,End of 1st Quarter,15,24,1,"February 13, 2025"
10:00,Subbing out for USC-Kennedy Smith,15,24,2,"February 13, 2025"
10:00,Subbing in for USC-JuJu Watkins,15,24,2,"February 13, 2025"
10:00,Subbing out for UCLA-Gabriela Jaquez,15,24,2,"February 13, 2025"
10:00,Subbing in for UCLA-Timea Gardiner,15,24,2,"February 13, 2025"
9:49,Kiki Iriafen missed Jumper.,15,24,2,"February 13, 2025"
9:46,Angela Dugalic Defensive Rebound.,15,24,2,"February 13, 2025"
9:43,Timea Gardiner missed Three Point Jumper.,15,24,2,"February 13, 2025"
9:38,Angela Dugalic Offensive Rebound.,15,24,2,"February 13, 2025"
9:37,Angela Dugalic missed Layup.,15,24,2,"February 13, 2025"
9:35,JuJu Watkins Defensive Rebound.,15,24,2,"February 13, 2025"
9:30,JuJu Watkins missed Layup.,15,24,2,"February 13, 2025"
9:27,Angela Dugalic Defensive Rebound.,15,24,2,"February 13, 2025"
9:08,Kiki Rice missed Jumper.,15,24,2,"February 13, 2025"
9:05,JuJu Watkins Defensive Rebound.,15,24,2,"February 13, 2025"
8:59,Kiki Iriafen missed Layup.,15,24,2,"February 13, 2025"
8:59,Angela Dugalic Block.,15,24,2,"February 13, 2025"
8:56,Angela Dugalic Defensive Rebound.,15,24,2,"February 13, 2025"
8:54,Angela Dugalic Turnover.,15,24,2,"February 13, 2025"
8:54,Avery Howell Steal.,15,24,2,"February 13, 2025"
8:49,Avery Howell missed Layup.,15,24,2,"February 13, 2025"
8:48,USC Offensive Rebound.,15,24,2,"February 13, 2025"
8:48,Subbing out for UCLA-Angela Dugalic,15,24,2,"February 13, 2025"
8:48,Subbing in for UCLA-Janiah Barker,15,24,2,"February 13, 2025"
8:45,JuJu Watkins made Three Point Jumper. Assisted by Kiki Iriafen.,15,27,2,"February 13, 2025"
8:22,Lauren Betts Turnover.,15,27,2,"February 13, 2025"
8:22,Subbing out for USC-Avery Howell,15,27,2,"February 13, 2025"
8:22,Subbing out for USC-Talia von Oelhoffen,15,27,2,"February 13, 2025"
8:22,Subbing in for USC-Kayleigh Heckel,15,27,2,"February 13, 2025"
8:22,Subbing in for USC-Kennedy Smith,15,27,2,"February 13, 2025"
8:17,Kennedy Smith missed Three Point Jumper.,15,27,2,"February 13, 2025"
8:11,UCLA Deadball Team Rebound.,15,27,2,"February 13, 2025"
7:55,Foul on Clarice Akunwafo.,15,27,2,"February 13, 2025"
7:55,Subbing out for USC-Clarice Akunwafo,15,27,2,"February 13, 2025"
7:55,Subbing in for USC-Rayah Marshall,15,27,2,"February 13, 2025"
7:55,Subbing out for UCLA-Timea Gardiner,15,27,2,"February 13, 2025"
7:55,Subbing in for UCLA-Kendall Dudley,15,27,2,"February 13, 2025"
7:55,Lauren Betts made Free Throw.,16,27,2,"February 13, 2025"
7:55,Lauren Betts missed Free Throw.,16,27,2,"February 13, 2025"
7:53,Janiah Barker Offensive Rebound.,16,27,2,"February 13, 2025"
7:33,UCLA Turnover.,16,27,2,"February 13, 2025"
7:20,JuJu Watkins made Jumper.,16,29,2,"February 13, 2025"
6:57,Foul on Rayah Marshall.,16,29,2,"February 13, 2025"
6:57,Subbing out for USC-Rayah Marshall,16,29,2,"February 13, 2025"
6:57,Subbing in for USC-Clarice Akunwafo,16,29,2,"February 13, 2025"
6:57,Kiki Rice made Free Throw.,17,29,2,"February 13, 2025"
6:57,Kiki Rice made Free Throw.,18,29,2,"February 13, 2025"
6:32,JuJu Watkins made Three Point Jumper. Assisted by Kennedy Smith.,18,32,2,"February 13, 2025"
6:09,Janiah Barker made Layup. Assisted by Kiki Rice.,20,32,2,"February 13, 2025"
6:09,Foul on Kiki Iriafen.,20,32,2,"February 13, 2025"
6:09,Subbing out for UCLA-Londynn Jones,20,32,2,"February 13, 2025"
6:09,Subbing in for UCLA-Gabriela Jaquez,20,32,2,"February 13, 2025"
6:09,Janiah Barker made Free Throw.,21,32,2,"February 13, 2025"
5:55,Kayleigh Heckel missed Three Point Jumper.,21,32,2,"February 13, 2025"
5:52,UCLA Defensive Rebound.,21,32,2,"February 13, 2025"
5:52,Subbing out for USC-Kayleigh Heckel,21,32,2,"February 13, 2025"
5:52,Subbing in for USC-Talia von Oelhoffen,21,32,2,"February 13, 2025"
5:32,Gabriela Jaquez Turnover.,21,32,2,"February 13, 2025"
5:32,Clarice Akunwafo Steal.,21,32,2,"February 13, 2025"
5:24,JuJu Watkins made Layup.,21,34,2,"February 13, 2025"
5:10,Foul on Clarice Akunwafo.,21,34,2,"February 13, 2025"
5:10,Subbing out for USC-Kennedy Smith,21,34,2,"February 13, 2025"
5:10,Subbing in for USC-Avery Howell,21,34,2,"February 13, 2025"
5:10,Subbing out for UCLA-Kiki Rice,21,34,2,"February 13, 2025"
5:10,Subbing in for UCLA-Elina Aarnisalo,21,34,2,"February 13, 2025"
5:10,Lauren Betts made Free Throw.,22,34,2,"February 13, 2025"
5:10,Lauren Betts made Free Throw.,23,34,2,"February 13, 2025"
4:59,Kiki Iriafen missed Jumper.,23,34,2,"February 13, 2025"
4:57,UCLA Defensive Rebound.,23,34,2,"February 13, 2025"
4:57,Official TV Timeout,23,34,2,"February 13, 2025"
4:57,Subbing out for USC-Clarice Akunwafo,23,34,2,"February 13, 2025"
4:57,Subbing in for USC-Kennedy Smith,23,34,2,"February 13, 2025"
4:40,Lauren Betts made Layup. Assisted by Kendall Dudley.,25,34,2,"February 13, 2025"
4:35,Foul on Kendall Dudley.,25,34,2,"February 13, 2025"
4:35,JuJu Watkins made Free Throw.,25,35,2,"February 13, 2025"
4:35,JuJu Watkins missed Free Throw.,25,35,2,"February 13, 2025"
4:35,USC Deadball Team Rebound.,25,35,2,"February 13, 2025"
4:35,JuJu Watkins missed Free Throw.,25,35,2,"February 13, 2025"
4:33,Lauren Betts Defensive Rebound.,25,35,2,"February 13, 2025"
4:12,Kendall Dudley made Layup. Assisted by Lauren Betts.,27,35,2,"February 13, 2025"
4:00,Talia von Oelhoffen missed Layup.,27,35,2,"February 13, 2025"
3:57,Lauren Betts Defensive Rebound.,27,35,2,"February 13, 2025"
3:45,Elina Aarnisalo missed Jumper.,27,35,2,"February 13, 2025"
3:42,Kiki Iriafen Defensive Rebound.,27,35,2,"February 13, 2025"
3:31,Kiki Iriafen missed Jumper.,27,35,2,"February 13, 2025"
3:27,Janiah Barker Defensive Rebound.,27,35,2,"February 13, 2025"
3:08,Janiah Barker Turnover.,27,35,2,"February 13, 2025"
3:08,Subbing out for USC-Avery Howell,27,35,2,"February 13, 2025"
3:08,Subbing out for USC-Talia von Oelhoffen,27,35,2,"February 13, 2025"
3:08,Subbing in for USC-Kayleigh Heckel,27,35,2,"February 13, 2025"
3:08,Subbing in for USC-Rayah Marshall,27,35,2,"February 13, 2025"
3:08,Subbing out for UCLA-Gabriela Jaquez,27,35,2,"February 13, 2025"
3:08,Subbing out for UCLA-Kendall Dudley,27,35,2,"February 13, 2025"
3:08,Subbing in for UCLA-Kiki Rice,27,35,2,"February 13, 2025"
3:08,Subbing in for UCLA-Londynn Jones,27,35,2,"February 13, 2025"
2:55,Kennedy Smith missed Jumper.,27,35,2,"February 13, 2025"
2:52,Lauren Betts Defensive Rebound.,27,35,2,"February 13, 2025"
2:38,Londynn Jones made Jumper. Assisted by Kiki Rice.,29,35,2,"February 13, 2025"
2:28,JuJu Watkins missed Jumper.,29,35,2,"February 13, 2025"
2:23,Kiki Iriafen Offensive Rebound.,29,35,2,"February 13, 2025"
2:23,Kiki Iriafen missed Two Point Tip Shot.,29,35,2,"February 13, 2025"
2:23,Lauren Betts Block.,29,35,2,"February 13, 2025"
2:22,Lauren Betts Defensive Rebound.,29,35,2,"February 13, 2025"
2:11,Londynn Jones made Jumper. Assisted by Kiki Rice.,31,35,2,"February 13, 2025"
2:10,USC Timeout,31,35,2,"February 13, 2025"
2:10,Subbing out for USC-Kennedy Smith,31,35,2,"February 13, 2025"
2:10,Subbing in for USC-Avery Howell,31,35,2,"February 13, 2025"
2:10,Subbing out for UCLA-Janiah Barker,31,35,2,"February 13, 2025"
2:10,Subbing in for UCLA-Angela Dugalic,31,35,2,"February 13, 2025"
1:49,JuJu Watkins missed Jumper.,31,35,2,"February 13, 2025"
1:45,Angela Dugalic Defensive Rebound.,31,35,2,"February 13, 2025"
1:40,Kiki Rice made Layup.,33,35,2,"February 13, 2025"
1:28,Kayleigh Heckel missed Jumper.,33,35,2,"February 13, 2025"
1:26,UCLA Defensive Rebound.,33,35,2,"February 13, 2025"
1:13,Kiki Rice made Jumper.,35,35,2,"February 13, 2025"
0:52,JuJu Watkins made Three Point Jumper.,35,38,2,"February 13, 2025"
0:44,Elina Aarnisalo Turnover.,35,38,2,"February 13, 2025"
0:44,Kayleigh Heckel Steal.,35,38,2,"February 13, 2025"
0:44,Subbing out for USC-Kayleigh Heckel,35,38,2,"February 13, 2025"
0:44,Subbing in for USC-Kennedy Smith,35,38,2,"February 13, 2025"
0:31,Rayah Marshall Turnover.,35,38,2,"February 13, 2025"
0:01,Lauren Betts missed Jumper.,35,38,2,"February 13, 2025"
0:01,Rayah Marshall Block.,35,38,2,"February 13, 2025"
0:00,UCLA Turnover.,35,38,2,"February 13, 2025"
0:00,UCLA Deadball Team Rebound.,35,38,2,"February 13, 2025"
0:00,End of 2nd Quarter,35,38,2,"February 13, 2025"
10:00,Subbing out for USC-Avery Howell,35,38,3,"February 13, 2025"
10:00,Subbing in for USC-Talia von Oelhoffen,35,38,3,"February 13, 2025"
10:00,Subbing out for UCLA-Elina Aarnisalo,35,38,3,"February 13, 2025"
10:00,Subbing in for UCLA-Gabriela Jaquez,35,38,3,"February 13, 2025"
9:52,Foul on Rayah Marshall.,35,38,3,"February 13, 2025"
9:52,Lauren Betts made Free Throw.,36,38,3,"February 13, 2025"
9:52,Lauren Betts made Free Throw.,37,38,3,"February 13, 2025"
9:26,Foul on JuJu Watkins.,37,38,3,"February 13, 2025"
9:26,JuJu Watkins Turnover.,37,38,3,"February 13, 2025"
9:16,Londynn Jones missed Jumper.,37,38,3,"February 13, 2025"
9:16,Talia von Oelhoffen Block.,37,38,3,"February 13, 2025"
9:12,Rayah Marshall Defensive Rebound.,37,38,3,"February 13, 2025"
9:03,JuJu Watkins missed Jumper.,37,38,3,"February 13, 2025"
9:00,Lauren Betts Defensive Rebound.,37,38,3,"February 13, 2025"
8:49,Lauren Betts made Layup. Assisted by Kiki Rice.,39,38,3,"February 13, 2025"
8:28,Subbing out for USC-Rayah Marshall,39,38,3,"February 13, 2025"
8:28,Subbing in for USC-Clarice Akunwafo,39,38,3,"February 13, 2025"
8:15,USC Turnover.,39,38,3,"February 13, 2025"
7:57,Lauren Betts made Layup. Assisted by Gabriela Jaquez.,41,38,3,"February 13, 2025"
7:57,Foul on Clarice Akunwafo.,41,38,3,"February 13, 2025"
7:57,Lauren Betts made Free Throw.,42,38,3,"February 13, 2025"
7:40,Kennedy Smith missed Jumper.,42,38,3,"February 13, 2025"
7:40,Kiki Rice Block.,42,38,3,"February 13, 2025"
7:36,Lauren Betts Defensive Rebound.,42,38,3,"February 13, 2025"
7:14,Londynn Jones made Three Point Jumper. Assisted by Kiki Rice.,45,38,3,"February 13, 2025"
7:11,USC Timeout,45,38,3,"February 13, 2025"
7:11,Official TV Timeout,45,38,3,"February 13, 2025"
7:11,Subbing out for USC-Talia von Oelhoffen,45,38,3,"February 13, 2025"
7:11,Subbing in for USC-Kayleigh Heckel,45,38,3,"February 13, 2025"
6:53,Kayleigh Heckel missed Jumper.,45,38,3,"February 13, 2025"
6:51,UCLA Defensive Rebound.,45,38,3,"February 13, 2025"
6:36,Angela Dugalic Turnover.,45,38,3,"February 13, 2025"
6:15,JuJu Watkins missed Three Point Jumper.,45,38,3,"February 13, 2025"
6:11,Lauren Betts Defensive Rebound.,45,38,3,"February 13, 2025"
6:01,Kiki Rice missed Layup.,45,38,3,"February 13, 2025"
6:01,Kiki Iriafen Block.,45,38,3,"February 13, 2025"
5:58,JuJu Watkins Defensive Rebound.,45,38,3,"February 13, 2025"
5:54,Foul on Angela Dugalic.,45,38,3,"February 13, 2025"
5:54,Subbing out for UCLA-Kiki Rice,45,38,3,"February 13, 2025"
5:54,Subbing in for UCLA-Elina Aarnisalo,45,38,3,"February 13, 2025"
5:54,Kiki Iriafen made Free Throw.,45,39,3,"February 13, 2025"
5:54,Kiki Iriafen made Free Throw.,45,40,3,"February 13, 2025"
5:39,Angela Dugalic missed Jumper.,45,40,3,"February 13, 2025"
5:36,Kiki Iriafen Defensive Rebound.,45,40,3,"February 13, 2025"
5:28,JuJu Watkins missed Jumper.,45,40,3,"February 13, 2025"
5:26,USC Offensive Rebound.,45,40,3,"February 13, 2025"
5:26,Subbing out for UCLA-Gabriela Jaquez,45,40,3,"February 13, 2025"
5:26,Subbing out for UCLA-Angela Dugalic,45,40,3,"February 13, 2025"
5:26,Subbing in for UCLA-Janiah Barker,45,40,3,"February 13, 2025"
5:26,Subbing in for UCLA-Timea Gardiner,45,40,3,"February 13, 2025"
5:21,JuJu Watkins made Layup. Assisted by Clarice Akunwafo.,45,42,3,"February 13, 2025"
5:21,Foul on Janiah Barker.,45,42,3,"February 13, 2025"
5:21,Subbing out for USC-Kennedy Smith,45,42,3,"February 13, 2025"
5:21,Subbing in for USC-Avery Howell,45,42,3,"February 13, 2025"
5:21,JuJu Watkins made Free Throw.,45,43,3,"February 13, 2025"
5:05,Lauren Betts made Layup. Assisted by Janiah Barker.,47,43,3,"February 13, 2025"
4:43,Kiki Iriafen missed Layup.,47,43,3,"February 13, 2025"
4:40,Lauren Betts Defensive Rebound.,47,43,3,"February 13, 2025"
4:27,Janiah Barker made Jumper.,49,43,3,"February 13, 2025"
4:24,Official TV Timeout,49,43,3,"February 13, 2025"
4:14,Foul on Londynn Jones.,49,43,3,"February 13, 2025"
4:01,JuJu Watkins Turnover.,49,43,3,"February 13, 2025"
4:01,Subbing out for UCLA-Elina Aarnisalo,49,43,3,"February 13, 2025"
4:01,Subbing in for UCLA-Kiki Rice,49,43,3,"February 13, 2025"
3:37,Foul on Avery Howell.,49,43,3,"February 13, 2025"
3:37,Timea Gardiner made Free Throw.,50,43,3,"February 13, 2025"
3:37,Timea Gardiner missed Free Throw.,50,43,3,"February 13, 2025"
3:36,JuJu Watkins Defensive Rebound.,50,43,3,"February 13, 2025"
3:12,Kiki Iriafen missed Layup.,50,43,3,"February 13, 2025"
3:10,Lauren Betts Defensive Rebound.,50,43,3,"February 13, 2025"
2:54,Lauren Betts missed Jumper.,50,43,3,"February 13, 2025"
2:54,Clarice Akunwafo Block.,50,43,3,"February 13, 2025"
2:51,JuJu Watkins Defensive Rebound.,50,43,3,"February 13, 2025"
2:48,JuJu Watkins missed Jumper.,50,43,3,"February 13, 2025"
2:46,UCLA Defensive Rebound.,50,43,3,"February 13, 2025"
2:46,Subbing in for USC-Kennedy Smith,50,43,3,"February 13, 2025"
2:46,Subbing out for USC-Kiki Iriafen,50,43,3,"February 13, 2025"
2:28,Londynn Jones Turnover.,50,43,3,"February 13, 2025"
2:28,Subbing out for USC-Kayleigh Heckel,50,43,3,"February 13, 2025"
2:28,Subbing in for USC-Malia Samuels,50,43,3,"February 13, 2025"
2:28,Subbing out for UCLA-Londynn Jones,50,43,3,"February 13, 2025"
2:28,Subbing in for UCLA-Kendall Dudley,50,43,3,"February 13, 2025"
2:28,Subbing in for USC-Kiki Iriafen,50,43,3,"February 13, 2025"
2:28,Subbing out for USC-Clarice Akunwafo,50,43,3,"February 13, 2025"
2:15,Avery Howell missed Three Point Jumper.,50,43,3,"February 13, 2025"
2:13,USC Offensive Rebound.,50,43,3,"February 13, 2025"
2:07,Foul on Kendall Dudley.,50,43,3,"February 13, 2025"
2:07,JuJu Watkins made Free Throw.,50,44,3,"February 13, 2025"
2:07,JuJu Watkins made Free Throw.,50,45,3,"February 13, 2025"
1:48,Kiki Rice made Jumper.,52,45,3,"February 13, 2025"
1:31,Foul on Lauren Betts.,52,45,3,"February 13, 2025"
1:31,Subbing out for USC-Kiki Iriafen,52,45,3,"February 13, 2025"
1:31,Subbing in for USC-Rayah Marshall,52,45,3,"February 13, 2025"
1:31,Subbing out for UCLA-Janiah Barker,52,45,3,"February 13, 2025"
1:31,Subbing in for UCLA-Angela Dugalic,52,45,3,"February 13, 2025"
1:31,Avery Howell made Free Throw.,52,46,3,"February 13, 2025"
1:31,Avery Howell made Free Throw.,52,47,3,"February 13, 2025"
1:13,Lauren Betts missed Jumper.,52,47,3,"February 13, 2025"
1:09,JuJu Watkins Defensive Rebound.,52,47,3,"February 13, 2025"
0:42,Kennedy Smith missed Three Point Jumper.,52,47,3,"February 13, 2025"
0:37,Timea Gardiner Defensive Rebound.,52,47,3,"February 13, 2025"
0:14,Kendall Dudley missed Layup.,52,47,3,"February 13, 2025"
0:14,Rayah Marshall Block.,52,47,3,"February 13, 2025"
0:13,Lauren Betts Offensive Rebound.,52,47,3,"February 13, 2025"
0:12,Lauren Betts missed Two Point Tip Shot.,52,47,3,"February 13, 2025"
0:12,JuJu Watkins Block.,52,47,3,"February 13, 2025"
0:11,Kendall Dudley Offensive Rebound.,52,47,3,"February 13, 2025"
0:08,UCLA Turnover.,52,47,3,"February 13, 2025"
0:08,Subbing out for USC-Malia Samuels,52,47,3,"February 13, 2025"
0:08,Subbing in for USC-Talia von Oelhoffen,52,47,3,"February 13, 2025"
0:08,Subbing out for UCLA-Kendall Dudley,52,47,3,"February 13, 2025"
0:08,Subbing in for UCLA-Londynn Jones,52,47,3,"February 13, 2025"
0:00,JuJu Watkins missed Jumper.,52,47,3,"February 13, 2025"
0:00,USC Deadball Team Rebound.,52,47,3,"February 13, 2025"
0:00,End of 3rd Quarter,52,47,3,"February 13, 2025"
10:00,Subbing out for USC-Avery Howell,52,47,4,"February 13, 2025"
10:00,Subbing in for USC-Kiki Iriafen,52,47,4,"February 13, 2025"
10:00,Subbing out for UCLA-Timea Gardiner,52,47,4,"February 13, 2025"
10:00,Subbing in for UCLA-Gabriela Jaquez,52,47,4,"February 13, 2025"
9:41,Kiki Rice missed Three Point Jumper.,52,47,4,"February 13, 2025"
9:37,JuJu Watkins Defensive Rebound.,52,47,4,"February 13, 2025"
9:33,Kennedy Smith made Layup. Assisted by JuJu Watkins.,52,49,4,"February 13, 2025"
9:09,Gabriela Jaquez missed Layup.,52,49,4,"February 13, 2025"
9:09,JuJu Watkins Block.,52,49,4,"February 13, 2025"
9:09,UCLA Offensive Rebound.,52,49,4,"February 13, 2025"
9:02,Foul on Rayah Marshall.,52,49,4,"February 13, 2025"
9:02,Subbing out for USC-Rayah Marshall,52,49,4,"February 13, 2025"
9:02,Subbing in for USC-Clarice Akunwafo,52,49,4,"February 13, 2025"
8:55,Angela Dugalic missed Three Point Jumper.,52,49,4,"February 13, 2025"
8:49,JuJu Watkins Defensive Rebound.,52,49,4,"February 13, 2025"
8:35,Kiki Iriafen missed Jumper.,52,49,4,"February 13, 2025"
8:32,Angela Dugalic Defensive Rebound.,52,49,4,"February 13, 2025"
8:18,Londynn Jones missed Layup.,52,49,4,"February 13, 2025"
8:18,JuJu Watkins Block.,52,49,4,"February 13, 2025"
8:15,Londynn Jones Offensive Rebound.,52,49,4,"February 13, 2025"
8:04,Kiki Rice missed Layup.,52,49,4,"February 13, 2025"
8:04,JuJu Watkins Block.,52,49,4,"February 13, 2025"
8:04,UCLA Offensive Rebound.,52,49,4,"February 13, 2025"
8:04,Subbing out for UCLA-Gabriela Jaquez,52,49,4,"February 13, 2025"
8:04,Subbing out for UCLA-Angela Dugalic,52,49,4,"February 13, 2025"
8:04,Subbing in for UCLA-Janiah Barker,52,49,4,"February 13, 2025"
8:04,Subbing in for UCLA-Timea Gardiner,52,49,4,"February 13, 2025"
8:03,Kiki Rice Turnover.,52,49,4,"February 13, 2025"
7:54,Talia von Oelhoffen missed Three Point Jumper.,52,49,4,"February 13, 2025"
7:50,Janiah Barker Defensive Rebound.,52,49,4,"February 13, 2025"
7:32,Janiah Barker missed Jumper.,52,49,4,"February 13, 2025"
7:29,Kennedy Smith Defensive Rebound.,52,49,4,"February 13, 2025"
7:22,JuJu Watkins missed Three Point Jumper.,52,49,4,"February 13, 2025"
7:17,Timea Gardiner Defensive Rebound.,52,49,4,"February 13, 2025"
7:00,Lauren Betts missed Jumper.,52,49,4,"February 13, 2025"
6:57,Janiah Barker Offensive Rebound.,52,49,4,"February 13, 2025"
6:42,Foul on Clarice Akunwafo.,52,49,4,"February 13, 2025"
6:35,Foul on Lauren Betts.,52,49,4,"February 13, 2025"
6:35,Lauren Betts Turnover.,52,49,4,"February 13, 2025"
6:35,Subbing out for USC-Clarice Akunwafo,52,49,4,"February 13, 2025"
6:35,Subbing in for USC-Avery Howell,52,49,4,"February 13, 2025"
6:35,Subbing out for UCLA-Kiki Rice,52,49,4,"February 13, 2025"
6:35,Subbing in for UCLA-Elina Aarnisalo,52,49,4,"February 13, 2025"
6:23,JuJu Watkins made Jumper. Assisted by Talia von Oelhoffen.,52,51,4,"February 13, 2025"
6:08,Londynn Jones missed Jumper.,52,51,4,"February 13, 2025"
6:05,Lauren Betts Offensive Rebound.,52,51,4,"February 13, 2025"
6:04,Lauren Betts Turnover.,52,51,4,"February 13, 2025"
6:04,JuJu Watkins Steal.,52,51,4,"February 13, 2025"
5:59,JuJu Watkins made Layup.,52,53,4,"February 13, 2025"
5:58,UCLA Timeout,52,53,4,"February 13, 2025"
5:58,Official TV Timeout,52,53,4,"February 13, 2025"
5:58,Subbing out for UCLA-Timea Gardiner,52,53,4,"February 13, 2025"
5:58,Subbing out for UCLA-Lauren Betts,52,53,4,"February 13, 2025"
5:58,Subbing in for UCLA-Gabriela Jaquez,52,53,4,"February 13, 2025"
5:58,Subbing in for UCLA-Angela Dugalic,52,53,4,"February 13, 2025"
5:42,Foul on Kiki Iriafen.,52,53,4,"February 13, 2025"
5:42,Janiah Barker made Free Throw.,53,53,4,"February 13, 2025"
5:42,Janiah Barker missed Free Throw.,53,53,4,"February 13, 2025"
5:40,Avery Howell Defensive Rebound.,53,53,4,"February 13, 2025"
5:26,Kennedy Smith missed Layup.,53,53,4,"February 13, 2025"
5:26,Janiah Barker Block.,53,53,4,"February 13, 2025"
5:22,Kennedy Smith Offensive Rebound.,53,53,4,"February 13, 2025"
5:20,Kiki Iriafen missed Layup.,53,53,4,"February 13, 2025"
5:20,Angela Dugalic Block.,53,53,4,"February 13, 2025"
5:14,Janiah Barker Defensive Rebound.,53,53,4,"February 13, 2025"
5:12,Elina Aarnisalo Turnover.,53,53,4,"February 13, 2025"
5:12,Kennedy Smith Steal.,53,53,4,"February 13, 2025"
5:09,Avery Howell missed Layup.,53,53,4,"February 13, 2025"
5:09,Avery Howell Offensive Rebound.,53,53,4,"February 13, 2025"
5:09,Elina Aarnisalo Block.,53,53,4,"February 13, 2025"
5:04,Kennedy Smith missed Three Point Jumper.,53,53,4,"February 13, 2025"
5:04,Kiki Iriafen Offensive Rebound.,53,53,4,"February 13, 2025"
5:04,Foul on Elina Aarnisalo.,53,53,4,"February 13, 2025"
5:04,Subbing out for UCLA-Elina Aarnisalo,53,53,4,"February 13, 2025"
5:04,Subbing in for UCLA-Kiki Rice,53,53,4,"February 13, 2025"
5:04,Kiki Iriafen made Free Throw.,53,54,4,"February 13, 2025"
5:04,Kiki Iriafen made Free Throw.,53,55,4,"February 13, 2025"
5:04,Subbing out for UCLA-Gabriela Jaquez,53,55,4,"February 13, 2025"
5:04,Subbing in for UCLA-Timea Gardiner,53,55,4,"February 13, 2025"
4:48,Foul on Kennedy Smith.,53,55,4,"February 13, 2025"
4:48,Subbing out for UCLA-Janiah Barker,53,55,4,"February 13, 2025"
4:48,Subbing in for UCLA-Lauren Betts,53,55,4,"February 13, 2025"
4:42,Kiki Rice made Layup.,55,55,4,"February 13, 2025"
4:42,Foul on Talia von Oelhoffen.,55,55,4,"February 13, 2025"
4:42,Kiki Rice made Free Throw.,56,55,4,"February 13, 2025"
4:25,Avery Howell made Three Point Jumper. Assisted by JuJu Watkins.,56,58,4,"February 13, 2025"
4:14,Londynn Jones missed Three Point Jumper.,56,58,4,"February 13, 2025"
4:09,UCLA Deadball Team Rebound.,56,58,4,"February 13, 2025"
4:09,Foul on Avery Howell.,56,58,4,"February 13, 2025"
4:09,Subbing out for USC-Avery Howell,56,58,4,"February 13, 2025"
4:09,Subbing in for USC-Clarice Akunwafo,56,58,4,"February 13, 2025"
4:09,Subbing out for UCLA-Timea Gardiner,56,58,4,"February 13, 2025"
4:09,Subbing in for UCLA-Gabriela Jaquez,56,58,4,"February 13, 2025"
4:09,Kiki Rice missed Free Throw.,56,58,4,"February 13, 2025"
4:09,UCLA Deadball Team Rebound.,56,58,4,"February 13, 2025"
4:09,Kiki Rice made Free Throw.,57,58,4,"February 13, 2025"
3:57,Foul on Londynn Jones.,57,58,4,"February 13, 2025"
3:57,JuJu Watkins made Free Throw.,57,59,4,"February 13, 2025"
3:57,JuJu Watkins made Free Throw.,57,60,4,"February 13, 2025"
3:40,Angela Dugalic Turnover.,57,60,4,"February 13, 2025"
3:40,Clarice Akunwafo Steal.,57,60,4,"February 13, 2025"
3:34,Kiki Iriafen made Layup. Assisted by JuJu Watkins.,57,62,4,"February 13, 2025"
3:02,Gabriela Jaquez missed Jumper.,57,62,4,"February 13, 2025"
2:59,Clarice Akunwafo Defensive Rebound.,57,62,4,"February 13, 2025"
2:50,Foul on Angela Dugalic.,57,62,4,"February 13, 2025"
2:50,Subbing out for UCLA-Angela Dugalic,57,62,4,"February 13, 2025"
2:50,Subbing in for UCLA-Janiah Barker,57,62,4,"February 13, 2025"
2:50,JuJu Watkins made Free Throw.,57,63,4,"February 13, 2025"
2:50,JuJu Watkins made Free Throw.,57,64,4,"February 13, 2025"
2:31,Lauren Betts missed Jumper.,57,64,4,"February 13, 2025"
2:31,JuJu Watkins Block.,57,64,4,"February 13, 2025"
2:27,JuJu Watkins Defensive Rebound.,57,64,4,"February 13, 2025"
2:25,Kiki Iriafen made Layup. Assisted by JuJu Watkins.,57,66,4,"February 13, 2025"
2:25,Foul on Janiah Barker.,57,66,4,"February 13, 2025"
2:25,Subbing out for UCLA-Gabriela Jaquez,57,66,4,"February 13, 2025"
2:25,Subbing in for UCLA-Timea Gardiner,57,66,4,"February 13, 2025"
2:25,Kiki Iriafen made Free Throw.,57,67,4,"February 13, 2025"
2:10,Foul on Kiki Iriafen.,57,67,4,"February 13, 2025"
2:10,Kiki Rice made Free Throw.,58,67,4,"February 13, 2025"
2:10,Kiki Rice missed Free Throw.,58,67,4,"February 13, 2025"
2:09,Clarice Akunwafo Defensive Rebound.,58,67,4,"February 13, 2025"
2:07,Foul on Janiah Barker.,58,67,4,"February 13, 2025"
2:07,Subbing out for UCLA-Janiah Barker,58,67,4,"February 13, 2025"
2:07,Subbing in for UCLA-Angela Dugalic,58,67,4,"February 13, 2025"
2:07,Subbing out for UCLA-Timea Gardiner,58,67,4,"February 13, 2025"
2:07,Subbing in for UCLA-Gabriela Jaquez,58,67,4,"February 13, 2025"
2:07,Clarice Akunwafo missed Free Throw.,58,67,4,"February 13, 2025"
2:07,USC Deadball Team Rebound.,58,67,4,"February 13, 2025"
2:07,Clarice Akunwafo missed Free Throw.,58,67,4,"February 13, 2025"
2:06,Lauren Betts Defensive Rebound.,58,67,4,"February 13, 2025"
1:49,Lauren Betts missed Layup.,58,67,4,"February 13, 2025"
1:49,JuJu Watkins Block.,58,67,4,"February 13, 2025"
1:46,Talia von Oelhoffen Defensive Rebound.,58,67,4,"February 13, 2025"
1:30,JuJu Watkins missed Layup.,58,67,4,"February 13, 2025"
1:27,JuJu Watkins Offensive Rebound.,58,67,4,"February 13, 2025"
1:20,Talia von Oelhoffen missed Layup.,58,67,4,"February 13, 2025"
1:17,Kiki Iriafen Offensive Rebound.,58,67,4,"February 13, 2025"
1:17,Kiki Iriafen made Two Point Tip Shot.,58,69,4,"February 13, 2025"
1:14,Foul on Kennedy Smith.,58,69,4,"February 13, 2025"
1:14,Subbing out for UCLA-Angela Dugalic,58,69,4,"February 13, 2025"
1:14,Subbing in for UCLA-Timea Gardiner,58,69,4,"February 13, 2025"
1:14,Kiki Rice missed Free Throw.,58,69,4,"February 13, 2025"
1:14,UCLA Deadball Team Rebound.,58,69,4,"February 13, 2025"
1:14,Kiki Rice missed Free Throw.,58,69,4,"February 13, 2025"
1:12,Kiki Iriafen Defensive Rebound.,58,69,4,"February 13, 2025"
0:46,JuJu Watkins missed Jumper.,58,69,4,"February 13, 2025"
0:41,Londynn Jones Defensive Rebound.,58,69,4,"February 13, 2025"
0:38,Londynn Jones missed Three Point Jumper.,58,69,4,"February 13, 2025"
0:35,Talia von Oelhoffen Defensive Rebound.,58,69,4,"February 13, 2025"
0:31,Foul on Gabriela Jaquez.,58,69,4,"February 13, 2025"
0:31,Subbing out for UCLA-Timea Gardiner,58,69,4,"February 13, 2025"
0:31,Subbing out for UCLA-Lauren Betts,58,69,4,"February 13, 2025"
0:31,Subbing in for UCLA-Kendall Dudley,58,69,4,"February 13, 2025"
0:31,Subbing in for UCLA-Angela Dugalic,58,69,4,"February 13, 2025"
0:31,Talia von Oelhoffen made Free Throw.,58,70,4,"February 13, 2025"
0:31,Talia von Oelhoffen made Free Throw.,58,71,4,"February 13, 2025"
0:31,UCLA Timeout,58,71,4,"February 13, 2025"
0:31,Subbing out for USC-Clarice Akunwafo,58,71,4,"February 13, 2025"
0:31,Subbing in for USC-Avery Howell,58,71,4,"February 13, 2025"
0:13,Angela Dugalic missed Three Point Jumper.,58,71,4,"February 13, 2025"
0:11,Gabriela Jaquez Offensive Rebound.,58,71,4,"February 13, 2025"
0:11,Gabriela Jaquez made Two Point Tip Shot.,60,71,4,"February 13, 2025"
0:10,Subbing out for UCLA-Kendall Dudley,60,71,4,"February 13, 2025"
0:10,Subbing in for UCLA-Timea Gardiner,60,71,4,"February 13, 2025"
0:00,End of 4th Quarter,60,71,4,"February 13, 2025"
0:00,End of Game,60,71,4,"February 13, 2025"
10:00,Start game,0,0,1,"March 1, 2025"
9:59,Jump Ball won by UCLA,0,0,1,"March 1, 2025"
9:59,Jump Ball lost by USC,0,0,1,"March 1, 2025"
9:41,Lauren Betts missed Layup.,0,0,1,"March 1, 2025"
9:38,Lauren Betts Offensive Rebound.,0,0,1,"March 1, 2025"
9:36,Angela Dugalic missed Jumper.,0,0,1,"March 1, 2025"
9:32,Kiki Iriafen Defensive Rebound.,0,0,1,"March 1, 2025"
9:26,JuJu Watkins made Three Point Jumper.,0,3,1,"March 1, 2025"
8:55,Lauren Betts missed Layup.,0,3,1,"March 1, 2025"
8:53,Rayah Marshall Defensive Rebound.,0,3,1,"March 1, 2025"
8:46,Kiki Iriafen missed Jumper.,0,3,1,"March 1, 2025"
8:44,Kiki Iriafen Offensive Rebound.,0,3,1,"March 1, 2025"
8:42,Rayah Marshall made Jumper. Assisted by Kiki Iriafen.,0,5,1,"March 1, 2025"
8:29,Kiki Rice missed Layup.,0,5,1,"March 1, 2025"
8:27,Kennedy Smith Defensive Rebound.,0,5,1,"March 1, 2025"
8:21,Kennedy Smith missed Layup.,0,5,1,"March 1, 2025"
8:19,Londynn Jones Defensive Rebound.,0,5,1,"March 1, 2025"
7:58,Angela Dugalic Turnover.,0,5,1,"March 1, 2025"
7:45,JuJu Watkins made Jumper. Assisted by Rayah Marshall.,0,7,1,"March 1, 2025"
7:31,Angela Dugalic missed Jumper.,0,7,1,"March 1, 2025"
7:30,Lauren Betts Offensive Rebound.,0,7,1,"March 1, 2025"
7:30,Lauren Betts Turnover.,0,7,1,"March 1, 2025"
7:30,Talia von Oelhoffen Steal.,0,7,1,"March 1, 2025"
7:30,Angela Dugalic subbing out for UCLA,0,7,1,"March 1, 2025"
7:30,Janiah Barker subbing in for UCLA,0,7,1,"March 1, 2025"
7:06,Rayah Marshall missed Jumper.,0,7,1,"March 1, 2025"
7:02,Kiki Iriafen Offensive Rebound.,0,7,1,"March 1, 2025"
7:00,Rayah Marshall made Jumper. Assisted by Kiki Iriafen.,0,9,1,"March 1, 2025"
6:43,Foul on Kiki Iriafen.,0,9,1,"March 1, 2025"
6:43,Rayah Marshall subbing out for USC,0,9,1,"March 1, 2025"
6:43,Clarice Akunwafo subbing in for USC,0,9,1,"March 1, 2025"
6:42,Janiah Barker missed Jumper.,0,9,1,"March 1, 2025"
6:37,Talia von Oelhoffen Defensive Rebound.,0,9,1,"March 1, 2025"
6:33,Talia von Oelhoffen Turnover.,0,9,1,"March 1, 2025"
6:33,Londynn Jones Steal.,0,9,1,"March 1, 2025"
6:26,Gabriela Jaquez missed Three Point Jumper.,0,9,1,"March 1, 2025"
6:22,Gabriela Jaquez Offensive Rebound.,0,9,1,"March 1, 2025"
6:21,Gabriela Jaquez missed Jumper.,0,9,1,"March 1, 2025"
6:19,JuJu Watkins Defensive Rebound.,0,9,1,"March 1, 2025"
6:13,JuJu Watkins missed Layup.,0,9,1,"March 1, 2025"
6:11,Lauren Betts Defensive Rebound.,0,9,1,"March 1, 2025"
5:58,Janiah Barker made Jumper. Assisted by Kiki Rice.,2,9,1,"March 1, 2025"
5:37,Talia von Oelhoffen made Three Point Jumper. Assisted by JuJu Watkins.,2,12,1,"March 1, 2025"
5:36,Foul on Gabriela Jaquez.,2,12,1,"March 1, 2025"
5:36,Kennedy Smith subbing out for USC,2,12,1,"March 1, 2025"
5:36,Avery Howell subbing in for USC,2,12,1,"March 1, 2025"
5:36,Talia von Oelhoffen made Free Throw.,2,13,1,"March 1, 2025"
5:36,Londynn Jones subbing out for UCLA,2,13,1,"March 1, 2025"
5:36,Gabriela Jaquez subbing out for UCLA,2,13,1,"March 1, 2025"
5:36,Elina Aarnisalo subbing in for UCLA,2,13,1,"March 1, 2025"
5:36,Timea Gardiner subbing in for UCLA,2,13,1,"March 1, 2025"
5:36,Talia von Oelhoffen subbing out for USC,2,13,1,"March 1, 2025"
5:36,Kayleigh Heckel subbing in for USC,2,13,1,"March 1, 2025"
5:20,Kiki Rice made Jumper.,4,13,1,"March 1, 2025"
5:09,JuJu Watkins made Jumper.,4,15,1,"March 1, 2025"
4:59,Foul on Clarice Akunwafo.,4,15,1,"March 1, 2025"
4:59,Official TV Timeout,4,15,1,"March 1, 2025"
4:48,Janiah Barker missed Layup.,4,15,1,"March 1, 2025"
4:47,USC Defensive Rebound.,4,15,1,"March 1, 2025"
4:26,Kiki Iriafen missed Jumper.,4,15,1,"March 1, 2025"
4:22,Elina Aarnisalo Defensive Rebound.,4,15,1,"March 1, 2025"
4:17,Timea Gardiner made Three Point Jumper. Assisted by Kiki Rice.,7,15,1,"March 1, 2025"
4:05,Kayleigh Heckel missed Jumper.,7,15,1,"March 1, 2025"
4:03,UCLA Defensive Rebound.,7,15,1,"March 1, 2025"
4:03,Avery Howell subbing out for USC,7,15,1,"March 1, 2025"
4:03,Clarice Akunwafo subbing out for USC,7,15,1,"March 1, 2025"
4:03,Kennedy Smith subbing in for USC,7,15,1,"March 1, 2025"
4:03,Rayah Marshall subbing in for USC,7,15,1,"March 1, 2025"
3:44,Janiah Barker made Jumper.,9,15,1,"March 1, 2025"
3:44,Foul on Kiki Iriafen.,9,15,1,"March 1, 2025"
3:44,Kayleigh Heckel subbing out for USC,9,15,1,"March 1, 2025"
3:44,Kiki Iriafen subbing out for USC,9,15,1,"March 1, 2025"
3:44,Avery Howell subbing in for USC,9,15,1,"March 1, 2025"
3:44,Talia von Oelhoffen subbing in for USC,9,15,1,"March 1, 2025"
3:44,Janiah Barker made Free Throw.,10,15,1,"March 1, 2025"
3:23,JuJu Watkins made Three Point Jumper. Assisted by Rayah Marshall.,10,18,1,"March 1, 2025"
3:02,Lauren Betts made Jumper. Assisted by Elina Aarnisalo.,12,18,1,"March 1, 2025"
2:48,JuJu Watkins made Three Point Jumper.,12,21,1,"March 1, 2025"
2:34,Foul on Rayah Marshall.,12,21,1,"March 1, 2025"
2:31,Timea Gardiner made Layup. Assisted by Elina Aarnisalo.,14,21,1,"March 1, 2025"
2:19,Avery Howell missed Three Point Jumper.,14,21,1,"March 1, 2025"
2:15,Janiah Barker Defensive Rebound.,14,21,1,"March 1, 2025"
2:15,Foul on Kennedy Smith.,14,21,1,"March 1, 2025"
2:15,Timea Gardiner subbing out for UCLA,14,21,1,"March 1, 2025"
2:15,Gabriela Jaquez subbing in for UCLA,14,21,1,"March 1, 2025"
2:15,Janiah Barker missed Free Throw.,14,21,1,"March 1, 2025"
2:15,UCLA Deadball Team Rebound.,14,21,1,"March 1, 2025"
2:15,Janiah Barker made Free Throw.,15,21,1,"March 1, 2025"
2:15,Janiah Barker subbing out for UCLA,15,21,1,"March 1, 2025"
2:15,Angela Dugalic subbing in for UCLA,15,21,1,"March 1, 2025"
1:59,Kennedy Smith missed Layup.,15,21,1,"March 1, 2025"
1:58,Lauren Betts Defensive Rebound.,15,21,1,"March 1, 2025"
1:58,Foul on Kennedy Smith.,15,21,1,"March 1, 2025"
1:58,Kennedy Smith subbing out for USC,15,21,1,"March 1, 2025"
1:58,Kayleigh Heckel subbing in for USC,15,21,1,"March 1, 2025"
1:58,Lauren Betts missed Free Throw.,15,21,1,"March 1, 2025"
1:58,UCLA Deadball Team Rebound.,15,21,1,"March 1, 2025"
1:56,Lauren Betts missed Free Throw.,15,21,1,"March 1, 2025"
1:55,Rayah Marshall Defensive Rebound.,15,21,1,"March 1, 2025"
1:52,JuJu Watkins missed Three Point Jumper.,15,21,1,"March 1, 2025"
1:49,Elina Aarnisalo Defensive Rebound.,15,21,1,"March 1, 2025"
1:46,Kiki Rice Turnover.,15,21,1,"March 1, 2025"
1:46,JuJu Watkins Steal.,15,21,1,"March 1, 2025"
1:40,Kayleigh Heckel made Layup. Assisted by Talia von Oelhoffen.,15,23,1,"March 1, 2025"
1:34,Foul on Talia von Oelhoffen.,15,23,1,"March 1, 2025"
1:34,Elina Aarnisalo subbing out for UCLA,15,23,1,"March 1, 2025"
1:34,Londynn Jones subbing in for UCLA,15,23,1,"March 1, 2025"
1:34,Kiki Rice made Free Throw.,16,23,1,"March 1, 2025"
1:34,Kiki Rice made Free Throw.,17,23,1,"March 1, 2025"
1:21,JuJu Watkins missed Three Point Jumper.,17,23,1,"March 1, 2025"
1:18,Angela Dugalic Defensive Rebound.,17,23,1,"March 1, 2025"
1:10,Angela Dugalic missed Three Point Jumper.,17,23,1,"March 1, 2025"
1:06,Talia von Oelhoffen Defensive Rebound.,17,23,1,"March 1, 2025"
1:02,Kayleigh Heckel missed Layup.,17,23,1,"March 1, 2025"
1:02,Kiki Rice Block.,17,23,1,"March 1, 2025"
0:59,USC Offensive Rebound.,17,23,1,"March 1, 2025"
0:59,Lauren Betts subbing out for UCLA,17,23,1,"March 1, 2025"
0:59,Janiah Barker subbing in for UCLA,17,23,1,"March 1, 2025"
0:43,Talia von Oelhoffen missed Layup.,17,23,1,"March 1, 2025"
0:41,Kiki Rice Defensive Rebound.,17,23,1,"March 1, 2025"
0:35,Angela Dugalic made Three Point Jumper. Assisted by Kiki Rice.,20,23,1,"March 1, 2025"
0:01,USC Turnover.,20,23,1,"March 1, 2025"
0:01,Kiki Rice subbing out for UCLA,20,23,1,"March 1, 2025"
0:01,Timea Gardiner subbing in for UCLA,20,23,1,"March 1, 2025"
0:01,JuJu Watkins subbing out for USC,20,23,1,"March 1, 2025"
0:01,Rayah Marshall subbing out for USC,20,23,1,"March 1, 2025"
0:01,Kennedy Smith subbing in for USC,20,23,1,"March 1, 2025"
0:01,Clarice Akunwafo subbing in for USC,20,23,1,"March 1, 2025"
0:00,End of 1st Quarter,20,23,1,"March 1, 2025"
10:00,Londynn Jones subbing out for UCLA,20,23,2,"March 1, 2025"
10:00,Kiki Rice subbing in for UCLA,20,23,2,"March 1, 2025"
10:00,Kayleigh Heckel subbing out for USC,20,23,2,"March 1, 2025"
10:00,Kiki Iriafen subbing in for USC,20,23,2,"March 1, 2025"
9:33,Gabriela Jaquez missed Jumper.,20,23,2,"March 1, 2025"
9:32,USC Defensive Rebound.,20,23,2,"March 1, 2025"
9:13,Kennedy Smith made Three Point Jumper. Assisted by Avery Howell.,20,26,2,"March 1, 2025"
8:57,Angela Dugalic Turnover.,20,26,2,"March 1, 2025"
8:57,Kennedy Smith Steal.,20,26,2,"March 1, 2025"
8:53,Kiki Iriafen made Layup. Assisted by Kennedy Smith.,20,28,2,"March 1, 2025"
8:40,Foul on Kiki Iriafen.,20,28,2,"March 1, 2025"
8:40,Angela Dugalic subbing out for UCLA,20,28,2,"March 1, 2025"
8:40,Lauren Betts subbing in for UCLA,20,28,2,"March 1, 2025"
8:40,Kiki Iriafen subbing out for USC,20,28,2,"March 1, 2025"
8:40,JuJu Watkins subbing in for USC,20,28,2,"March 1, 2025"
8:34,Kiki Rice missed Three Point Jumper.,20,28,2,"March 1, 2025"
8:31,Gabriela Jaquez Offensive Rebound.,20,28,2,"March 1, 2025"
8:29,Foul on Talia von Oelhoffen.,20,28,2,"March 1, 2025"
8:21,Janiah Barker Turnover.,20,28,2,"March 1, 2025"
8:03,Clarice Akunwafo missed Layup.,20,28,2,"March 1, 2025"
8:01,Clarice Akunwafo Offensive Rebound.,20,28,2,"March 1, 2025"
7:47,Talia von Oelhoffen Turnover.,20,28,2,"March 1, 2025"
7:37,Kiki Rice missed Jumper.,20,28,2,"March 1, 2025"
7:33,Talia von Oelhoffen Defensive Rebound.,20,28,2,"March 1, 2025"
7:27,Foul on Kiki Rice.,20,28,2,"March 1, 2025"
7:27,Janiah Barker subbing out for UCLA,20,28,2,"March 1, 2025"
7:27,Elina Aarnisalo subbing in for UCLA,20,28,2,"March 1, 2025"
7:27,JuJu Watkins made Free Throw.,20,29,2,"March 1, 2025"
7:27,JuJu Watkins made Free Throw.,20,30,2,"March 1, 2025"
7:05,Lauren Betts missed Layup.,20,30,2,"March 1, 2025"
7:05,Clarice Akunwafo Block.,20,30,2,"March 1, 2025"
7:05,UCLA Offensive Rebound.,20,30,2,"March 1, 2025"
7:03,Gabriela Jaquez made Layup. Assisted by Kiki Rice.,22,30,2,"March 1, 2025"
6:46,Kennedy Smith missed Three Point Jumper.,22,30,2,"March 1, 2025"
6:41,Gabriela Jaquez Defensive Rebound.,22,30,2,"March 1, 2025"
6:30,Gabriela Jaquez made Layup. Assisted by Lauren Betts.,24,30,2,"March 1, 2025"
6:21,JuJu Watkins missed Jumper.,24,30,2,"March 1, 2025"
6:20,USC Deadball Team Rebound.,24,30,2,"March 1, 2025"
6:20,Foul on Timea Gardiner.,24,30,2,"March 1, 2025"
6:20,Timea Gardiner subbing out for UCLA,24,30,2,"March 1, 2025"
6:20,Londynn Jones subbing in for UCLA,24,30,2,"March 1, 2025"
6:20,Avery Howell subbing out for USC,24,30,2,"March 1, 2025"
6:20,Kayleigh Heckel subbing in for USC,24,30,2,"March 1, 2025"
5:59,Kennedy Smith made Jumper.,24,32,2,"March 1, 2025"
5:46,Kiki Rice Turnover.,24,32,2,"March 1, 2025"
5:46,Kayleigh Heckel Steal.,24,32,2,"March 1, 2025"
5:39,Talia von Oelhoffen made Jumper. Assisted by Kayleigh Heckel.,24,34,2,"March 1, 2025"
5:37,UCLA Timeout,24,34,2,"March 1, 2025"
5:37,Clarice Akunwafo subbing out for USC,24,34,2,"March 1, 2025"
5:37,Rayah Marshall subbing in for USC,24,34,2,"March 1, 2025"
5:12,Londynn Jones missed Three Point Jumper.,24,34,2,"March 1, 2025"
5:07,Lauren Betts Offensive Rebound.,24,34,2,"March 1, 2025"
4:55,Lauren Betts made Layup. Assisted by Gabriela Jaquez.,26,34,2,"March 1, 2025"
4:46,Kayleigh Heckel missed Three Point Jumper.,26,34,2,"March 1, 2025"
4:43,Elina Aarnisalo Defensive Rebound.,26,34,2,"March 1, 2025"
4:39,Elina Aarnisalo Turnover.,26,34,2,"March 1, 2025"
4:24,Kennedy Smith missed Layup.,26,34,2,"March 1, 2025"
4:22,Lauren Betts Defensive Rebound.,26,34,2,"March 1, 2025"
4:14,Kiki Rice missed Layup.,26,34,2,"March 1, 2025"
4:13,Lauren Betts Offensive Rebound.,26,34,2,"March 1, 2025"
4:13,Lauren Betts missed Layup.,26,34,2,"March 1, 2025"
4:13,Lauren Betts Offensive Rebound.,26,34,2,"March 1, 2025"
4:13,Lauren Betts Turnover.,26,34,2,"March 1, 2025"
3:58,JuJu Watkins made Jumper.,26,36,2,"March 1, 2025"
3:42,Kiki Rice missed Jumper.,26,36,2,"March 1, 2025"
3:37,Talia von Oelhoffen Defensive Rebound.,26,36,2,"March 1, 2025"
3:33,Kennedy Smith made Layup.,26,38,2,"March 1, 2025"
3:16,Lauren Betts Turnover.,26,38,2,"March 1, 2025"
3:16,Elina Aarnisalo subbing out for UCLA,26,38,2,"March 1, 2025"
3:16,Janiah Barker subbing in for UCLA,26,38,2,"March 1, 2025"
3:16,Kayleigh Heckel subbing out for USC,26,38,2,"March 1, 2025"
3:16,Clarice Akunwafo subbing in for USC,26,38,2,"March 1, 2025"
3:00,Clarice Akunwafo made Layup. Assisted by Rayah Marshall.,26,40,2,"March 1, 2025"
2:41,Janiah Barker missed Layup.,26,40,2,"March 1, 2025"
2:38,Lauren Betts Offensive Rebound.,26,40,2,"March 1, 2025"
2:31,Foul on Rayah Marshall.,26,40,2,"March 1, 2025"
2:31,Londynn Jones subbing out for UCLA,26,40,2,"March 1, 2025"
2:31,Lauren Betts subbing out for UCLA,26,40,2,"March 1, 2025"
2:31,Timea Gardiner subbing in for UCLA,26,40,2,"March 1, 2025"
2:31,Angela Dugalic subbing in for UCLA,26,40,2,"March 1, 2025"
2:31,Rayah Marshall subbing out for USC,26,40,2,"March 1, 2025"
2:31,Avery Howell subbing in for USC,26,40,2,"March 1, 2025"
2:31,Janiah Barker made Free Throw.,27,40,2,"March 1, 2025"
2:31,Janiah Barker made Free Throw.,28,40,2,"March 1, 2025"
2:15,Kennedy Smith missed Three Point Jumper.,28,40,2,"March 1, 2025"
2:12,Clarice Akunwafo Offensive Rebound.,28,40,2,"March 1, 2025"
2:08,Clarice Akunwafo Turnover.,28,40,2,"March 1, 2025"
2:03,Foul on JuJu Watkins.,28,40,2,"March 1, 2025"
2:03,Gabriela Jaquez made Layup. Assisted by Kiki Rice.,30,40,2,"March 1, 2025"
1:53,Foul on Kiki Rice.,30,40,2,"March 1, 2025"
1:53,Kiki Rice subbing out for UCLA,30,40,2,"March 1, 2025"
1:53,Elina Aarnisalo subbing in for UCLA,30,40,2,"March 1, 2025"
1:39,JuJu Watkins missed Three Point Jumper.,30,40,2,"March 1, 2025"
1:33,Clarice Akunwafo Offensive Rebound.,30,40,2,"March 1, 2025"
1:31,Clarice Akunwafo Turnover.,30,40,2,"March 1, 2025"
1:31,Angela Dugalic Steal.,30,40,2,"March 1, 2025"
1:22,Janiah Barker Turnover.,30,40,2,"March 1, 2025"
1:22,JuJu Watkins Steal.,30,40,2,"March 1, 2025"
1:15,JuJu Watkins made Layup.,30,42,2,"March 1, 2025"
1:15,Foul on Elina Aarnisalo.,30,42,2,"March 1, 2025"
1:15,Kennedy Smith subbing out for USC,30,42,2,"March 1, 2025"
1:15,Kayleigh Heckel subbing in for USC,30,42,2,"March 1, 2025"
1:15,JuJu Watkins made Free Throw.,30,43,2,"March 1, 2025"
1:07,Foul on Talia von Oelhoffen.,30,43,2,"March 1, 2025"
1:07,Talia von Oelhoffen subbing out for USC,30,43,2,"March 1, 2025"
1:07,Malia Samuels subbing in for USC,30,43,2,"March 1, 2025"
1:07,Elina Aarnisalo made Free Throw.,31,43,2,"March 1, 2025"
1:07,Elina Aarnisalo made Free Throw.,32,43,2,"March 1, 2025"
0:46,Kayleigh Heckel missed Layup.,32,43,2,"March 1, 2025"
0:46,Timea Gardiner Block.,32,43,2,"March 1, 2025"
0:46,USC Offensive Rebound.,32,43,2,"March 1, 2025"
0:35,JuJu Watkins made Three Point Jumper.,32,46,2,"March 1, 2025"
0:27,Elina Aarnisalo Turnover.,32,46,2,"March 1, 2025"
0:04,JuJu Watkins Turnover.,32,46,2,"March 1, 2025"
0:04,Elina Aarnisalo Steal.,32,46,2,"March 1, 2025"
0:00,End of 2nd Quarter,32,46,2,"March 1, 2025"
10:00,Janiah Barker subbing out for UCLA,32,46,3,"March 1, 2025"
10:00,Elina Aarnisalo subbing out for UCLA,32,46,3,"March 1, 2025"
10:00,Timea Gardiner subbing out for UCLA,32,46,3,"March 1, 2025"
10:00,Kiki Rice subbing in for UCLA,32,46,3,"March 1, 2025"
10:00,Londynn Jones subbing in for UCLA,32,46,3,"March 1, 2025"
10:00,Lauren Betts subbing in for UCLA,32,46,3,"March 1, 2025"
10:00,Kayleigh Heckel subbing out for USC,32,46,3,"March 1, 2025"
10:00,Malia Samuels subbing out for USC,32,46,3,"March 1, 2025"
10:00,Avery Howell subbing out for USC,32,46,3,"March 1, 2025"
10:00,Clarice Akunwafo subbing out for USC,32,46,3,"March 1, 2025"
10:00,Kennedy Smith subbing in for USC,32,46,3,"March 1, 2025"
10:00,Rayah Marshall subbing in for USC,32,46,3,"March 1, 2025"
10:00,Kiki Iriafen subbing in for USC,32,46,3,"March 1, 2025"
10:00,Talia von Oelhoffen subbing in for USC,32,46,3,"March 1, 2025"
9:43,Kiki Iriafen made Layup. Assisted by Rayah Marshall.,32,48,3,"March 1, 2025"
9:22,Angela Dugalic made Three Point Jumper. Assisted by Kiki Rice.,35,48,3,"March 1, 2025"
9:03,Kiki Iriafen made Jumper. Assisted by Talia von Oelhoffen.,35,50,3,"March 1, 2025"
8:42,Lauren Betts Turnover.,35,50,3,"March 1, 2025"
8:24,Talia von Oelhoffen missed Three Point Jumper.,35,50,3,"March 1, 2025"
8:20,Lauren Betts Defensive Rebound.,35,50,3,"March 1, 2025"
8:11,Londynn Jones made Three Point Jumper. Assisted by Gabriela Jaquez.,38,50,3,"March 1, 2025"
7:46,Talia von Oelhoffen made Layup.,38,52,3,"March 1, 2025"
7:29,Londynn Jones made Jumper.,40,52,3,"March 1, 2025"
6:56,JuJu Watkins missed Layup.,40,52,3,"March 1, 2025"
6:56,Lauren Betts Block.,40,52,3,"March 1, 2025"
6:52,Angela Dugalic Defensive Rebound.,40,52,3,"March 1, 2025"
6:49,Foul on Rayah Marshall.,40,52,3,"March 1, 2025"
6:47,Foul on JuJu Watkins.,40,52,3,"March 1, 2025"
6:47,Rayah Marshall subbing out for USC,40,52,3,"March 1, 2025"
6:47,Clarice Akunwafo subbing in for USC,40,52,3,"March 1, 2025"
6:47,Gabriela Jaquez made Free Throw.,41,52,3,"March 1, 2025"
6:46,Gabriela Jaquez missed Free Throw.,41,52,3,"March 1, 2025"
6:46,Kiki Iriafen Defensive Rebound.,41,52,3,"March 1, 2025"
6:30,Foul on Lauren Betts.,41,52,3,"March 1, 2025"
6:30,Kiki Iriafen missed Free Throw.,41,52,3,"March 1, 2025"
6:30,USC Deadball Team Rebound.,41,52,3,"March 1, 2025"
6:30,Kiki Iriafen made Free Throw.,41,53,3,"March 1, 2025"
6:21,Kiki Rice made Layup.,43,53,3,"March 1, 2025"
6:21,Foul on Kennedy Smith.,43,53,3,"March 1, 2025"
6:21,Kiki Rice made Free Throw.,44,53,3,"March 1, 2025"
6:21,Angela Dugalic subbing out for UCLA,44,53,3,"March 1, 2025"
6:21,Janiah Barker subbing in for UCLA,44,53,3,"March 1, 2025"
6:21,Kennedy Smith subbing out for USC,44,53,3,"March 1, 2025"
6:21,Kayleigh Heckel subbing in for USC,44,53,3,"March 1, 2025"
6:03,JuJu Watkins made Jumper.,44,55,3,"March 1, 2025"
5:52,Foul on Talia von Oelhoffen.,44,55,3,"March 1, 2025"
5:52,Talia von Oelhoffen subbing out for USC,44,55,3,"March 1, 2025"
5:52,Avery Howell subbing in for USC,44,55,3,"March 1, 2025"
5:52,Kiki Rice made Free Throw.,45,55,3,"March 1, 2025"
5:52,Kiki Rice made Free Throw.,46,55,3,"March 1, 2025"
5:39,Kiki Iriafen missed Jumper.,46,55,3,"March 1, 2025"
5:37,Clarice Akunwafo Offensive Rebound.,46,55,3,"March 1, 2025"
5:31,JuJu Watkins missed Three Point Jumper.,46,55,3,"March 1, 2025"
5:30,UCLA Defensive Rebound.,46,55,3,"March 1, 2025"
5:14,Londynn Jones missed Three Point Jumper.,46,55,3,"March 1, 2025"
5:12,Kiki Iriafen Defensive Rebound.,46,55,3,"March 1, 2025"
4:56,Kayleigh Heckel Turnover.,46,55,3,"March 1, 2025"
4:56,Londynn Jones Steal.,46,55,3,"March 1, 2025"
4:50,Londynn Jones missed Jumper.,46,55,3,"March 1, 2025"
4:50,UCLA Offensive Rebound.,46,55,3,"March 1, 2025"
4:50,Official TV Timeout,46,55,3,"March 1, 2025"
4:47,Londynn Jones missed Three Point Jumper.,46,55,3,"March 1, 2025"
4:45,Avery Howell Defensive Rebound.,46,55,3,"March 1, 2025"
4:40,Foul on Janiah Barker.,46,55,3,"March 1, 2025"
4:29,Kayleigh Heckel missed Three Point Jumper.,46,55,3,"March 1, 2025"
4:25,Gabriela Jaquez Defensive Rebound.,46,55,3,"March 1, 2025"
4:17,Foul on Clarice Akunwafo.,46,55,3,"March 1, 2025"
4:17,Kiki Rice made Free Throw.,47,55,3,"March 1, 2025"
4:17,Kiki Rice made Free Throw.,48,55,3,"March 1, 2025"
4:02,Kiki Iriafen Turnover.,48,55,3,"March 1, 2025"
3:41,Lauren Betts made Layup. Assisted by Gabriela Jaquez.,50,55,3,"March 1, 2025"
3:24,Londynn Jones subbing out for UCLA,50,55,3,"March 1, 2025"
3:24,Timea Gardiner subbing in for UCLA,50,55,3,"March 1, 2025"
3:20,JuJu Watkins missed Three Point Jumper.,50,55,3,"March 1, 2025"
3:17,Gabriela Jaquez Defensive Rebound.,50,55,3,"March 1, 2025"
3:02,Foul on JuJu Watkins.,50,55,3,"March 1, 2025"
3:02,Kayleigh Heckel subbing out for USC,50,55,3,"March 1, 2025"
3:02,Avery Howell subbing out for USC,50,55,3,"March 1, 2025"
3:02,Clarice Akunwafo subbing out for USC,50,55,3,"March 1, 2025"
3:02,Malia Samuels subbing in for USC,50,55,3,"March 1, 2025"
3:02,Kennedy Smith subbing in for USC,50,55,3,"March 1, 2025"
3:02,Rayah Marshall subbing in for USC,50,55,3,"March 1, 2025"
3:02,Gabriela Jaquez subbing out for UCLA,50,55,3,"March 1, 2025"
3:02,Kendall Dudley subbing in for UCLA,50,55,3,"March 1, 2025"
3:02,Kiki Rice made Free Throw.,51,55,3,"March 1, 2025"
3:02,Kiki Rice missed Free Throw.,51,55,3,"March 1, 2025"
3:00,Kiki Rice Offensive Rebound.,51,55,3,"March 1, 2025"
3:00,Kiki Rice missed Layup.,51,55,3,"March 1, 2025"
3:00,Rayah Marshall Block.,51,55,3,"March 1, 2025"
3:00,Kiki Rice Offensive Rebound.,51,55,3,"March 1, 2025"
2:49,Timea Gardiner missed Three Point Jumper.,51,55,3,"March 1, 2025"
2:46,Malia Samuels Defensive Rebound.,51,55,3,"March 1, 2025"
2:43,Foul on Kiki Rice.,51,55,3,"March 1, 2025"
2:43,Kendall Dudley subbing out for UCLA,51,55,3,"March 1, 2025"
2:43,Gabriela Jaquez subbing in for UCLA,51,55,3,"March 1, 2025"
2:43,JuJu Watkins missed Free Throw.,51,55,3,"March 1, 2025"
2:43,USC Deadball Team Rebound.,51,55,3,"March 1, 2025"
2:41,JuJu Watkins missed Free Throw.,51,55,3,"March 1, 2025"
2:40,Timea Gardiner Defensive Rebound.,51,55,3,"March 1, 2025"
2:18,Kiki Rice missed Three Point Jumper.,51,55,3,"March 1, 2025"
2:13,Rayah Marshall Defensive Rebound.,51,55,3,"March 1, 2025"
2:09,Kiki Rice subbing out for UCLA,51,55,3,"March 1, 2025"
2:09,Lauren Betts subbing out for UCLA,51,55,3,"March 1, 2025"
2:09,Elina Aarnisalo subbing in for UCLA,51,55,3,"March 1, 2025"
2:09,Angela Dugalic subbing in for UCLA,51,55,3,"March 1, 2025"
1:58,Malia Samuels made Layup. Assisted by Rayah Marshall.,51,57,3,"March 1, 2025"
1:38,Timea Gardiner Turnover.,51,57,3,"March 1, 2025"
1:38,Rayah Marshall Steal.,51,57,3,"March 1, 2025"
1:31,JuJu Watkins missed Layup.,51,57,3,"March 1, 2025"
1:28,Kiki Iriafen Offensive Rebound.,51,57,3,"March 1, 2025"
1:28,Kiki Iriafen made Layup.,51,59,3,"March 1, 2025"
1:15,Foul on Kennedy Smith.,51,59,3,"March 1, 2025"
1:15,Elina Aarnisalo subbing out for UCLA,51,59,3,"March 1, 2025"
1:15,Timea Gardiner subbing out for UCLA,51,59,3,"March 1, 2025"
1:15,Kiki Rice subbing in for UCLA,51,59,3,"March 1, 2025"
1:15,Londynn Jones subbing in for UCLA,51,59,3,"March 1, 2025"
1:15,Kennedy Smith subbing out for USC,51,59,3,"March 1, 2025"
1:15,Avery Howell subbing in for USC,51,59,3,"March 1, 2025"
1:15,Janiah Barker missed Free Throw.,51,59,3,"March 1, 2025"
1:15,UCLA Deadball Team Rebound.,51,59,3,"March 1, 2025"
1:14,Janiah Barker missed Free Throw.,51,59,3,"March 1, 2025"
1:13,Rayah Marshall Defensive Rebound.,51,59,3,"March 1, 2025"
0:59,Foul on Janiah Barker.,51,59,3,"March 1, 2025"
0:59,Angela Dugalic subbing out for UCLA,51,59,3,"March 1, 2025"
0:59,Lauren Betts subbing in for UCLA,51,59,3,"March 1, 2025"
0:59,JuJu Watkins missed Free Throw.,51,59,3,"March 1, 2025"
0:59,USC Deadball Team Rebound.,51,59,3,"March 1, 2025"
0:59,JuJu Watkins made Free Throw.,51,60,3,"March 1, 2025"
0:42,Gabriela Jaquez Turnover.,51,60,3,"March 1, 2025"
0:42,Kiki Iriafen Steal.,51,60,3,"March 1, 2025"
0:38,JuJu Watkins made Layup.,51,62,3,"March 1, 2025"
0:38,UCLA Timeout,51,62,3,"March 1, 2025"
0:38,Janiah Barker subbing out for UCLA,51,62,3,"March 1, 2025"
0:38,Timea Gardiner subbing in for UCLA,51,62,3,"March 1, 2025"
0:22,Lauren Betts Turnover.,51,62,3,"March 1, 2025"
0:08,Kiki Iriafen made Jumper. Assisted by JuJu Watkins.,51,64,3,"March 1, 2025"
0:00,End of 3rd Quarter,51,64,3,"March 1, 2025"
10:00,Timea Gardiner subbing out for UCLA,51,64,4,"March 1, 2025"
10:00,Janiah Barker subbing in for UCLA,51,64,4,"March 1, 2025"
9:41,Malia Samuels missed Three Point Jumper.,51,64,4,"March 1, 2025"
9:38,Kiki Rice Defensive Rebound.,51,64,4,"March 1, 2025"
9:29,Lauren Betts made Layup. Assisted by Londynn Jones.,53,64,4,"March 1, 2025"
9:16,Rayah Marshall made Jumper. Assisted by Avery Howell.,53,66,4,"March 1, 2025"
8:58,Londynn Jones missed Three Point Jumper.,53,66,4,"March 1, 2025"
8:56,Rayah Marshall Defensive Rebound.,53,66,4,"March 1, 2025"
8:40,Kiki Iriafen made Layup.,53,68,4,"March 1, 2025"
8:15,Kiki Rice made Jumper. Assisted by Londynn Jones.,55,68,4,"March 1, 2025"
7:58,Avery Howell made Three Point Jumper. Assisted by JuJu Watkins.,55,71,4,"March 1, 2025"
7:47,Lauren Betts missed Jumper.,55,71,4,"March 1, 2025"
7:44,Kiki Iriafen Defensive Rebound.,55,71,4,"March 1, 2025"
7:38,Avery Howell made Three Point Jumper. Assisted by JuJu Watkins.,55,74,4,"March 1, 2025"
7:15,Lauren Betts missed Layup.,55,74,4,"March 1, 2025"
7:15,UCLA Offensive Rebound.,55,74,4,"March 1, 2025"
7:15,Janiah Barker subbing out for UCLA,55,74,4,"March 1, 2025"
7:15,Angela Dugalic subbing in for UCLA,55,74,4,"March 1, 2025"
7:05,Foul on Rayah Marshall.,55,74,4,"March 1, 2025"
7:05,Rayah Marshall subbing out for USC,55,74,4,"March 1, 2025"
7:05,Clarice Akunwafo subbing in for USC,55,74,4,"March 1, 2025"
7:05,Lauren Betts made Free Throw.,56,74,4,"March 1, 2025"
7:03,Lauren Betts missed Free Throw.,56,74,4,"March 1, 2025"
7:02,Avery Howell Defensive Rebound.,56,74,4,"March 1, 2025"
6:55,USC Turnover.,56,74,4,"March 1, 2025"
6:45,Kiki Rice missed Three Point Jumper.,56,74,4,"March 1, 2025"
6:40,Kiki Iriafen Defensive Rebound.,56,74,4,"March 1, 2025"
6:30,Kiki Iriafen made Jumper.,56,76,4,"March 1, 2025"
6:14,Londynn Jones made Three Point Jumper. Assisted by Angela Dugalic.,59,76,4,"March 1, 2025"
5:45,JuJu Watkins missed Layup.,59,76,4,"March 1, 2025"
5:45,Lauren Betts Block.,59,76,4,"March 1, 2025"
5:42,Lauren Betts Defensive Rebound.,59,76,4,"March 1, 2025"
5:34,Gabriela Jaquez missed Layup.,59,76,4,"March 1, 2025"
5:34,JuJu Watkins Block.,59,76,4,"March 1, 2025"
5:34,UCLA Offensive Rebound.,59,76,4,"March 1, 2025"
5:34,Gabriela Jaquez subbing out for UCLA,59,76,4,"March 1, 2025"
5:34,Timea Gardiner subbing in for UCLA,59,76,4,"March 1, 2025"
5:34,Malia Samuels subbing out for USC,59,76,4,"March 1, 2025"
5:34,Avery Howell subbing out for USC,59,76,4,"March 1, 2025"
5:34,Kennedy Smith subbing in for USC,59,76,4,"March 1, 2025"
5:34,Talia von Oelhoffen subbing in for USC,59,76,4,"March 1, 2025"
5:27,Kiki Rice missed Jumper.,59,76,4,"March 1, 2025"
5:27,JuJu Watkins Block.,59,76,4,"March 1, 2025"
5:27,UCLA Offensive Rebound.,59,76,4,"March 1, 2025"
5:14,Angela Dugalic missed Three Point Jumper.,59,76,4,"March 1, 2025"
5:11,UCLA Offensive Rebound.,59,76,4,"March 1, 2025"
5:11,Foul on Talia von Oelhoffen.,59,76,4,"March 1, 2025"
5:11,Talia von Oelhoffen subbing out for USC,59,76,4,"March 1, 2025"
5:11,Malia Samuels subbing in for USC,59,76,4,"March 1, 2025"
5:08,Londynn Jones missed Three Point Jumper.,59,76,4,"March 1, 2025"
5:05,Kiki Iriafen Defensive Rebound.,59,76,4,"March 1, 2025"
4:58,JuJu Watkins missed Three Point Jumper.,59,76,4,"March 1, 2025"
4:52,Timea Gardiner Defensive Rebound.,59,76,4,"March 1, 2025"
4:37,Londynn Jones missed Jumper.,59,76,4,"March 1, 2025"
4:34,JuJu Watkins Defensive Rebound.,59,76,4,"March 1, 2025"
4:25,Kiki Iriafen missed Jumper.,59,76,4,"March 1, 2025"
4:23,UCLA Defensive Rebound.,59,76,4,"March 1, 2025"
4:23,Official TV Timeout,59,76,4,"March 1, 2025"
4:09,Timea Gardiner missed Three Point Jumper.,59,76,4,"March 1, 2025"
4:07,JuJu Watkins Defensive Rebound.,59,76,4,"March 1, 2025"
3:43,JuJu Watkins Turnover.,59,76,4,"March 1, 2025"
3:43,Angela Dugalic Steal.,59,76,4,"March 1, 2025"
3:39,Angela Dugalic Turnover.,59,76,4,"March 1, 2025"
3:39,Timea Gardiner subbing out for UCLA,59,76,4,"March 1, 2025"
3:39,Gabriela Jaquez subbing in for UCLA,59,76,4,"March 1, 2025"
3:39,Lauren Betts subbing out for UCLA,59,76,4,"March 1, 2025"
3:39,Janiah Barker subbing in for UCLA,59,76,4,"March 1, 2025"
3:31,Foul on Gabriela Jaquez.,59,76,4,"March 1, 2025"
3:28,Kiki Iriafen made Layup. Assisted by JuJu Watkins.,59,78,4,"March 1, 2025"
3:13,Clarice Akunwafo subbing out for USC,59,78,4,"March 1, 2025"
3:13,Rayah Marshall subbing in for USC,59,78,4,"March 1, 2025"
3:13,Kiki Rice made Free Throw.,60,78,4,"March 1, 2025"
3:13,Foul on Clarice Akunwafo.,59,78,4,"March 1, 2025"
3:13,Kiki Rice made Free Throw.,61,78,4,"March 1, 2025"
3:13,Kiki Rice subbing out for UCLA,61,78,4,"March 1, 2025"
3:13,Kendall Dudley subbing in for UCLA,61,78,4,"March 1, 2025"
2:55,Foul on Gabriela Jaquez.,61,78,4,"March 1, 2025"
2:55,Londynn Jones subbing out for UCLA,61,78,4,"March 1, 2025"
2:55,Kiki Rice subbing in for UCLA,61,78,4,"March 1, 2025"
2:38,JuJu Watkins missed Three Point Jumper.,61,78,4,"March 1, 2025"
2:36,Rayah Marshall Offensive Rebound.,61,78,4,"March 1, 2025"
2:15,Kiki Iriafen missed Jumper.,61,78,4,"March 1, 2025"
2:12,Kendall Dudley Defensive Rebound.,61,78,4,"March 1, 2025"
2:05,Kiki Rice missed Jumper.,61,78,4,"March 1, 2025"
2:03,Kennedy Smith Defensive Rebound.,61,78,4,"March 1, 2025"
1:59,Foul on Angela Dugalic.,61,78,4,"March 1, 2025"
1:59,Kendall Dudley subbing out for UCLA,61,78,4,"March 1, 2025"
1:59,Londynn Jones subbing in for UCLA,61,78,4,"March 1, 2025"
1:59,Janiah Barker subbing out for UCLA,61,78,4,"March 1, 2025"
1:59,Lauren Betts subbing in for UCLA,61,78,4,"March 1, 2025"
1:59,JuJu Watkins made Free Throw.,61,79,4,"March 1, 2025"
1:59,JuJu Watkins made Free Throw.,61,80,4,"March 1, 2025"
1:41,Lauren Betts made Jumper. Assisted by Gabriela Jaquez.,63,80,4,"March 1, 2025"
1:13,Kennedy Smith missed Three Point Jumper.,63,80,4,"March 1, 2025"
1:10,Gabriela Jaquez Defensive Rebound.,63,80,4,"March 1, 2025"
1:04,Gabriela Jaquez missed Jumper.,63,80,4,"March 1, 2025"
1:04,JuJu Watkins Block.,63,80,4,"March 1, 2025"
1:04,USC Defensive Rebound.,63,80,4,"March 1, 2025"
1:02,Londynn Jones subbing out for UCLA,63,80,4,"March 1, 2025"
1:02,Kendall Dudley subbing in for UCLA,63,80,4,"March 1, 2025"
1:02,Malia Samuels subbing out for USC,63,80,4,"March 1, 2025"
1:02,JuJu Watkins subbing out for USC,63,80,4,"March 1, 2025"
1:02,Kayleigh Heckel subbing in for USC,63,80,4,"March 1, 2025"
1:02,Avery Howell subbing in for USC,63,80,4,"March 1, 2025"
1:02,Kennedy Smith subbing out for USC,63,80,4,"March 1, 2025"
1:02,Kiki Iriafen subbing out for USC,63,80,4,"March 1, 2025"
1:02,Vivian Iwuchukwu subbing in for USC,63,80,4,"March 1, 2025"
1:02,Rian Forestier subbing in for USC,63,80,4,"March 1, 2025"
0:59,Avery Howell Turnover.,63,80,4,"March 1, 2025"
0:59,UCLA Timeout,63,80,4,"March 1, 2025"
0:59,Gabriela Jaquez subbing out for UCLA,63,80,4,"March 1, 2025"
0:59,Kendall Dudley subbing out for UCLA,63,80,4,"March 1, 2025"
0:59,Londynn Jones subbing in for UCLA,63,80,4,"March 1, 2025"
0:59,Timea Gardiner subbing in for UCLA,63,80,4,"March 1, 2025"
0:59,Rayah Marshall subbing out for USC,63,80,4,"March 1, 2025"
0:59,Kiki Iriafen subbing in for USC,63,80,4,"March 1, 2025"
0:45,Foul on Kayleigh Heckel.,63,80,4,"March 1, 2025"
0:45,Avery Howell subbing out for USC,63,80,4,"March 1, 2025"
0:45,Brooklyn Shamblin subbing in for USC,63,80,4,"March 1, 2025"
0:35,Londynn Jones missed Three Point Jumper.,63,80,4,"March 1, 2025"
0:31,Timea Gardiner Offensive Rebound.,63,80,4,"March 1, 2025"
0:28,Timea Gardiner missed Three Point Jumper.,63,80,4,"March 1, 2025"
0:27,Londynn Jones made Layup.,65,80,4,"March 1, 2025"
0:27,USC Timeout,65,80,4,"March 1, 2025"
0:27,Kiki Rice subbing out for UCLA,65,80,4,"March 1, 2025"
0:27,Lauren Betts subbing out for UCLA,65,80,4,"March 1, 2025"
0:27,Gabriela Jaquez subbing in for UCLA,65,80,4,"March 1, 2025"
0:27,Kendall Dudley subbing in for UCLA,65,80,4,"March 1, 2025"
0:27,Kayleigh Heckel subbing out for USC,65,80,4,"March 1, 2025"
0:27,Kiki Iriafen subbing out for USC,65,80,4,"March 1, 2025"
0:27,Aaliyah Gayles subbing in for USC,65,80,4,"March 1, 2025"
0:27,Clarice Akunwafo subbing in for USC,65,80,4,"March 1, 2025"
0:26,Londynn Jones Offensive Rebound.,65,80,4,"March 1, 2025"
0:13,Rian Forestier Turnover.,65,80,4,"March 1, 2025"
0:13,Londynn Jones Steal.,65,80,4,"March 1, 2025"
0:10,Londynn Jones made Layup.,67,80,4,"March 1, 2025"
0:00,End of 4th Quarter,67,80,4,"March 1, 2025"
0:00,End of Game,67,80,4,"March 1, 2025"
10:00,Start game,0,0,1,"March 9, 2025"
9:55,Jump Ball won by USC,0,0,1,"March 9, 2025"
9:55,Jump Ball lost by UCLA,0,0,1,"March 9, 2025"
9:46,Talia von Oelhoffen Turnover.,0,0,1,"March 9, 2025"
9:30,Gabriela Jaquez made Layup. Assisted by Lauren Betts.,2,0,1,"March 9, 2025"
9:09,Kennedy Smith made Jumper. Assisted by Rayah Marshall.,2,2,1,"March 9, 2025"
8:49,Lauren Betts missed Jumper.,2,2,1,"March 9, 2025"
8:46,Kennedy Smith Defensive Rebound.,2,2,1,"March 9, 2025"
8:33,Kiki Iriafen missed Jumper.,2,2,1,"March 9, 2025"
8:30,Kennedy Smith Offensive Rebound.,2,2,1,"March 9, 2025"
8:28,Kennedy Smith Turnover.,2,2,1,"March 9, 2025"
8:28,Lauren Betts Steal.,2,2,1,"March 9, 2025"
8:02,Angela Dugalic made Three Point Jumper. Assisted by Kiki Rice.,5,2,1,"March 9, 2025"
7:44,Rayah Marshall missed Layup.,5,2,1,"March 9, 2025"
7:41,JuJu Watkins Offensive Rebound.,5,2,1,"March 9, 2025"
7:40,Foul on Gabriela Jaquez.,5,2,1,"March 9, 2025"
7:40,JuJu Watkins missed Free Throw.,5,2,1,"March 9, 2025"
7:40,USC Deadball Team Rebound.,5,2,1,"March 9, 2025"
7:40,JuJu Watkins made Free Throw.,5,3,1,"March 9, 2025"
7:19,Lauren Betts made Layup. Assisted by Londynn Jones.,7,3,1,"March 9, 2025"
7:09,Foul on Gabriela Jaquez.,7,3,1,"March 9, 2025"
7:09,Gabriela Jaquez subbing out for UCLA,7,3,1,"March 9, 2025"
7:09,Timea Gardiner subbing in for UCLA,7,3,1,"March 9, 2025"
7:03,Talia von Oelhoffen Turnover.,7,3,1,"March 9, 2025"
7:03,Lauren Betts Steal.,7,3,1,"March 9, 2025"
6:37,Foul on Kennedy Smith.,7,3,1,"March 9, 2025"
6:37,Kiki Rice missed Free Throw.,7,3,1,"March 9, 2025"
6:37,UCLA Deadball Team Rebound.,7,3,1,"March 9, 2025"
6:37,Kiki Rice made Free Throw.,8,3,1,"March 9, 2025"
6:37,Talia von Oelhoffen subbing out for USC,8,3,1,"March 9, 2025"
6:37,Malia Samuels subbing in for USC,8,3,1,"March 9, 2025"
6:37,Kiki Rice subbing out for UCLA,8,3,1,"March 9, 2025"
6:37,Angela Dugalic subbing out for UCLA,8,3,1,"March 9, 2025"
6:37,Janiah Barker subbing in for UCLA,8,3,1,"March 9, 2025"
6:37,Elina Aarnisalo subbing in for UCLA,8,3,1,"March 9, 2025"
6:19,Kiki Iriafen made Layup. Assisted by JuJu Watkins.,8,5,1,"March 9, 2025"
5:55,Foul on Kiki Iriafen.,8,5,1,"March 9, 2025"
5:55,Rayah Marshall subbing out for USC,8,5,1,"March 9, 2025"
5:55,Clarice Akunwafo subbing in for USC,8,5,1,"March 9, 2025"
5:55,Kennedy Smith subbing out for USC,8,5,1,"March 9, 2025"
5:55,Avery Howell subbing in for USC,8,5,1,"March 9, 2025"
5:49,Londynn Jones made Three Point Jumper. Assisted by Elina Aarnisalo.,11,5,1,"March 9, 2025"
5:39,JuJu Watkins made Jumper.,11,7,1,"March 9, 2025"
5:28,Janiah Barker missed Jumper.,11,7,1,"March 9, 2025"
5:26,JuJu Watkins Defensive Rebound.,11,7,1,"March 9, 2025"
5:21,JuJu Watkins made Three Point Jumper.,11,10,1,"March 9, 2025"
4:59,Elina Aarnisalo Turnover.,11,10,1,"March 9, 2025"
4:59,Malia Samuels Steal.,11,10,1,"March 9, 2025"
4:54,Kiki Iriafen made Layup. Assisted by Malia Samuels.,11,12,1,"March 9, 2025"
4:34,Janiah Barker missed Jumper.,11,12,1,"March 9, 2025"
4:31,JuJu Watkins Defensive Rebound.,11,12,1,"March 9, 2025"
4:22,JuJu Watkins made Layup.,11,14,1,"March 9, 2025"
4:21,UCLA Timeout,11,14,1,"March 9, 2025"
4:21,Official TV Timeout,11,14,1,"March 9, 2025"
4:21,Elina Aarnisalo subbing out for UCLA,11,14,1,"March 9, 2025"
4:21,Kiki Rice subbing in for UCLA,11,14,1,"March 9, 2025"
4:04,Londynn Jones missed Jumper.,11,14,1,"March 9, 2025"
4:01,Avery Howell Defensive Rebound.,11,14,1,"March 9, 2025"
3:46,Malia Samuels made Three Point Jumper. Assisted by Kiki Iriafen.,11,17,1,"March 9, 2025"
3:38,Janiah Barker Turnover.,11,17,1,"March 9, 2025"
3:30,Kiki Iriafen missed Layup.,11,17,1,"March 9, 2025"
3:28,Kiki Iriafen Offensive Rebound.,11,17,1,"March 9, 2025"
3:26,Avery Howell missed Three Point Jumper.,11,17,1,"March 9, 2025"
3:23,Malia Samuels Offensive Rebound.,11,17,1,"March 9, 2025"
3:19,JuJu Watkins missed Three Point Jumper.,11,17,1,"March 9, 2025"
3:16,Janiah Barker Defensive Rebound.,11,17,1,"March 9, 2025"
3:08,Timea Gardiner made Three Point Jumper. Assisted by Kiki Rice.,14,17,1,"March 9, 2025"
2:34,Malia Samuels made Three Point Jumper.,14,20,1,"March 9, 2025"
2:14,Timea Gardiner Turnover.,14,20,1,"March 9, 2025"
2:14,JuJu Watkins Steal.,14,20,1,"March 9, 2025"
2:11,JuJu Watkins missed Layup.,14,20,1,"March 9, 2025"
2:09,Avery Howell Offensive Rebound.,14,20,1,"March 9, 2025"
2:09,Avery Howell made Layup.,14,22,1,"March 9, 2025"
1:41,Timea Gardiner made Three Point Jumper. Assisted by Londynn Jones.,17,22,1,"March 9, 2025"
1:15,Kiki Iriafen missed Jumper.,17,22,1,"March 9, 2025"
1:12,USC Offensive Rebound.,17,22,1,"March 9, 2025"
1:12,Avery Howell subbing out for USC,17,22,1,"March 9, 2025"
1:12,Kiki Iriafen subbing out for USC,17,22,1,"March 9, 2025"
1:12,Kennedy Smith subbing in for USC,17,22,1,"March 9, 2025"
1:12,Talia von Oelhoffen subbing in for USC,17,22,1,"March 9, 2025"
1:12,Janiah Barker subbing out for UCLA,17,22,1,"March 9, 2025"
1:12,Timea Gardiner subbing out for UCLA,17,22,1,"March 9, 2025"
1:12,Kendall Dudley subbing in for UCLA,17,22,1,"March 9, 2025"
1:12,Angela Dugalic subbing in for UCLA,17,22,1,"March 9, 2025"
1:07,JuJu Watkins missed Jumper.,17,22,1,"March 9, 2025"
1:02,Angela Dugalic Defensive Rebound.,17,22,1,"March 9, 2025"
1:02,Kiki Rice Turnover.,17,22,1,"March 9, 2025"
1:00,Foul on Londynn Jones.,17,22,1,"March 9, 2025"
0:41,Clarice Akunwafo made Layup. Assisted by Talia von Oelhoffen.,17,24,1,"March 9, 2025"
0:27,Londynn Jones Turnover.,17,24,1,"March 9, 2025"
0:27,Talia von Oelhoffen Steal.,17,24,1,"March 9, 2025"
0:27,Malia Samuels subbing out for USC,17,24,1,"March 9, 2025"
0:27,Avery Howell subbing in for USC,17,24,1,"March 9, 2025"
0:08,Avery Howell Turnover.,17,24,1,"March 9, 2025"
0:08,Kendall Dudley Steal.,17,24,1,"March 9, 2025"
0:04,Kiki Rice made Layup.,19,24,1,"March 9, 2025"
0:00,End of 1st Quarter,19,24,1,"March 9, 2025"
10:00,Avery Howell subbing out for USC,19,24,2,"March 9, 2025"
10:00,Clarice Akunwafo subbing out for USC,19,24,2,"March 9, 2025"
10:00,Rayah Marshall subbing in for USC,19,24,2,"March 9, 2025"
10:00,Kiki Iriafen subbing in for USC,19,24,2,"March 9, 2025"
10:00,Londynn Jones subbing out for UCLA,19,24,2,"March 9, 2025"
10:00,Gabriela Jaquez subbing in for UCLA,19,24,2,"March 9, 2025"
9:52,Kiki Rice missed Jumper.,19,24,2,"March 9, 2025"
9:47,Rayah Marshall Defensive Rebound.,19,24,2,"March 9, 2025"
9:42,JuJu Watkins missed Layup.,19,24,2,"March 9, 2025"
9:39,Kiki Iriafen Offensive Rebound.,19,24,2,"March 9, 2025"
9:28,Rayah Marshall missed Jumper.,19,24,2,"March 9, 2025"
9:24,Kendall Dudley Defensive Rebound.,19,24,2,"March 9, 2025"
8:58,Kendall Dudley missed Layup.,19,24,2,"March 9, 2025"
8:56,Kendall Dudley Offensive Rebound.,19,24,2,"March 9, 2025"
8:55,Kendall Dudley made Layup.,21,24,2,"March 9, 2025"
8:37,Talia von Oelhoffen made Three Point Jumper. Assisted by Kennedy Smith.,21,27,2,"March 9, 2025"
8:16,Angela Dugalic made Three Point Jumper. Assisted by Kiki Rice.,24,27,2,"March 9, 2025"
8:01,Kennedy Smith missed Three Point Jumper.,24,27,2,"March 9, 2025"
7:59,Lauren Betts Defensive Rebound.,24,27,2,"March 9, 2025"
7:49,Foul on Rayah Marshall.,24,27,2,"March 9, 2025"
7:49,Kendall Dudley subbing out for UCLA,24,27,2,"March 9, 2025"
7:49,Londynn Jones subbing in for UCLA,24,27,2,"March 9, 2025"
7:35,Lauren Betts made Layup. Assisted by Kiki Rice.,26,27,2,"March 9, 2025"
7:24,Kiki Iriafen made Layup. Assisted by Rayah Marshall.,26,29,2,"March 9, 2025"
7:07,Foul on Rayah Marshall.,26,29,2,"March 9, 2025"
7:07,Rayah Marshall subbing out for USC,26,29,2,"March 9, 2025"
7:07,Clarice Akunwafo subbing in for USC,26,29,2,"March 9, 2025"
7:05,Londynn Jones missed Three Point Jumper.,26,29,2,"March 9, 2025"
7:03,Kennedy Smith Defensive Rebound.,26,29,2,"March 9, 2025"
6:58,Talia von Oelhoffen missed Three Point Jumper.,26,29,2,"March 9, 2025"
6:58,Lauren Betts Block.,26,29,2,"March 9, 2025"
6:53,Clarice Akunwafo Offensive Rebound.,26,29,2,"March 9, 2025"
6:50,Kiki Iriafen Turnover.,26,29,2,"March 9, 2025"
6:50,Gabriela Jaquez Steal.,26,29,2,"March 9, 2025"
6:47,Londynn Jones Turnover.,26,29,2,"March 9, 2025"
6:47,JuJu Watkins Steal.,26,29,2,"March 9, 2025"
6:44,Kiki Iriafen Turnover.,26,29,2,"March 9, 2025"
6:44,Gabriela Jaquez subbing out for UCLA,26,29,2,"March 9, 2025"
6:44,Lauren Betts subbing out for UCLA,26,29,2,"March 9, 2025"
6:44,Janiah Barker subbing in for UCLA,26,29,2,"March 9, 2025"
6:44,Timea Gardiner subbing in for UCLA,26,29,2,"March 9, 2025"
6:28,Timea Gardiner missed Three Point Jumper.,26,29,2,"March 9, 2025"
6:24,USC Defensive Rebound.,26,29,2,"March 9, 2025"
6:24,Clarice Akunwafo subbing out for USC,26,29,2,"March 9, 2025"
6:24,Talia von Oelhoffen subbing out for USC,26,29,2,"March 9, 2025"
6:24,Malia Samuels subbing in for USC,26,29,2,"March 9, 2025"
6:24,Avery Howell subbing in for USC,26,29,2,"March 9, 2025"
6:11,JuJu Watkins missed Layup.,26,29,2,"March 9, 2025"
6:09,Kennedy Smith Offensive Rebound.,26,29,2,"March 9, 2025"
6:07,Avery Howell made Three Point Jumper. Assisted by Kennedy Smith.,26,32,2,"March 9, 2025"
5:46,Foul on Avery Howell.,26,32,2,"March 9, 2025"
5:46,Janiah Barker missed Free Throw.,26,32,2,"March 9, 2025"
5:46,UCLA Deadball Team Rebound.,26,32,2,"March 9, 2025"
5:46,Janiah Barker made Free Throw.,27,32,2,"March 9, 2025"
5:33,Foul on Londynn Jones.,27,32,2,"March 9, 2025"
5:33,JuJu Watkins made Free Throw.,27,33,2,"March 9, 2025"
5:33,JuJu Watkins made Free Throw.,27,34,2,"March 9, 2025"
5:33,Londynn Jones subbing out for UCLA,27,34,2,"March 9, 2025"
5:33,Gabriela Jaquez subbing in for UCLA,27,34,2,"March 9, 2025"
5:16,Foul on Kiki Iriafen.,27,34,2,"March 9, 2025"
5:16,Janiah Barker made Free Throw.,28,34,2,"March 9, 2025"
5:16,Angela Dugalic Turnover.,28,34,2,"March 9, 2025"
5:16,Kiki Iriafen subbing out for USC,27,34,2,"March 9, 2025"
5:16,Talia von Oelhoffen subbing in for USC,27,34,2,"March 9, 2025"
5:16,Clarice Akunwafo subbing in for USC,27,34,2,"March 9, 2025"
5:16,Malia Samuels subbing out for USC,27,34,2,"March 9, 2025"
5:06,JuJu Watkins missed Jumper.,28,34,2,"March 9, 2025"
5:03,Kiki Rice Defensive Rebound.,28,34,2,"March 9, 2025"
4:55,Foul on Kiki Rice.,28,34,2,"March 9, 2025"
4:55,Kiki Rice Turnover.,28,34,2,"March 9, 2025"
4:55,Official TV Timeout,28,34,2,"March 9, 2025"
4:55,Gabriela Jaquez subbing out for UCLA,28,34,2,"March 9, 2025"
4:55,Lauren Betts subbing in for UCLA,28,34,2,"March 9, 2025"
4:41,Foul on Kiki Rice.,28,34,2,"March 9, 2025"
4:41,JuJu Watkins made Free Throw.,28,35,2,"March 9, 2025"
4:41,JuJu Watkins made Free Throw.,28,36,2,"March 9, 2025"
4:22,Kiki Rice made Layup. Assisted by Lauren Betts.,30,36,2,"March 9, 2025"
4:22,Foul on Clarice Akunwafo.,30,36,2,"March 9, 2025"
4:22,Avery Howell subbing out for USC,30,36,2,"March 9, 2025"
4:22,Malia Samuels subbing in for USC,30,36,2,"March 9, 2025"
4:22,Kiki Rice missed Free Throw.,30,36,2,"March 9, 2025"
4:21,USC Defensive Rebound.,30,36,2,"March 9, 2025"
4:21,Kiki Rice subbing out for UCLA,30,36,2,"March 9, 2025"
4:21,Elina Aarnisalo subbing in for UCLA,30,36,2,"March 9, 2025"
4:04,JuJu Watkins missed Jumper.,30,36,2,"March 9, 2025"
4:03,USC Offensive Rebound.,30,36,2,"March 9, 2025"
3:54,Kennedy Smith missed Three Point Jumper.,30,36,2,"March 9, 2025"
3:51,Janiah Barker Defensive Rebound.,30,36,2,"March 9, 2025"
3:47,Foul on Talia von Oelhoffen.,30,36,2,"March 9, 2025"
3:47,Talia von Oelhoffen subbing out for USC,30,36,2,"March 9, 2025"
3:47,Kiki Iriafen subbing in for USC,30,36,2,"March 9, 2025"
3:47,Timea Gardiner subbing out for UCLA,30,36,2,"March 9, 2025"
3:47,Londynn Jones subbing in for UCLA,30,36,2,"March 9, 2025"
3:47,Angela Dugalic made Free Throw.,31,36,2,"March 9, 2025"
3:47,Angela Dugalic made Free Throw.,32,36,2,"March 9, 2025"
3:32,Clarice Akunwafo Turnover.,32,36,2,"March 9, 2025"
3:18,Londynn Jones Turnover.,32,36,2,"March 9, 2025"
3:09,Foul on Angela Dugalic.,32,36,2,"March 9, 2025"
2:53,Malia Samuels missed Three Point Jumper.,32,36,2,"March 9, 2025"
2:48,Malia Samuels Offensive Rebound.,32,36,2,"March 9, 2025"
2:48,USC Turnover.,32,36,2,"March 9, 2025"
2:48,Janiah Barker subbing out for UCLA,32,36,2,"March 9, 2025"
2:48,Timea Gardiner subbing in for UCLA,32,36,2,"March 9, 2025"
2:33,Timea Gardiner missed Three Point Jumper.,32,36,2,"March 9, 2025"
2:30,Lauren Betts Offensive Rebound.,32,36,2,"March 9, 2025"
2:28,Londynn Jones made Three Point Jumper. Assisted by Elina Aarnisalo.,35,36,2,"March 9, 2025"
2:10,JuJu Watkins made Layup.,35,38,2,"March 9, 2025"
1:41,Lauren Betts missed Layup.,35,38,2,"March 9, 2025"
1:39,Kiki Iriafen Defensive Rebound.,35,38,2,"March 9, 2025"
1:33,JuJu Watkins missed Three Point Jumper.,35,38,2,"March 9, 2025"
1:30,JuJu Watkins Offensive Rebound.,35,38,2,"March 9, 2025"
1:29,JuJu Watkins made Layup.,35,40,2,"March 9, 2025"
1:05,Londynn Jones missed Layup.,35,40,2,"March 9, 2025"
1:05,Clarice Akunwafo Block.,35,40,2,"March 9, 2025"
1:05,UCLA Offensive Rebound.,35,40,2,"March 9, 2025"
1:05,Kiki Iriafen subbing out for USC,35,40,2,"March 9, 2025"
1:05,Avery Howell subbing in for USC,35,40,2,"March 9, 2025"
1:05,Angela Dugalic subbing out for UCLA,35,40,2,"March 9, 2025"
1:05,Janiah Barker subbing in for UCLA,35,40,2,"March 9, 2025"
1:04,Foul on Lauren Betts.,35,40,2,"March 9, 2025"
1:04,Lauren Betts Turnover.,35,40,2,"March 9, 2025"
0:50,Foul on Janiah Barker.,35,40,2,"March 9, 2025"
0:50,JuJu Watkins made Free Throw.,35,41,2,"March 9, 2025"
0:50,JuJu Watkins made Free Throw.,35,42,2,"March 9, 2025"
0:38,Lauren Betts missed Layup.,35,42,2,"March 9, 2025"
0:34,JuJu Watkins Defensive Rebound.,35,42,2,"March 9, 2025"
0:32,Kennedy Smith Turnover.,35,42,2,"March 9, 2025"
0:15,Elina Aarnisalo missed Jumper.,35,42,2,"March 9, 2025"
0:15,Clarice Akunwafo Block.,35,42,2,"March 9, 2025"
0:12,Clarice Akunwafo Defensive Rebound.,35,42,2,"March 9, 2025"
0:04,Avery Howell made Three Point Jumper.,35,45,2,"March 9, 2025"
0:00,End of 2nd Quarter,35,45,2,"March 9, 2025"
10:00,Malia Samuels subbing out for USC,35,45,3,"March 9, 2025"
10:00,Avery Howell subbing out for USC,35,45,3,"March 9, 2025"
10:00,Clarice Akunwafo subbing out for USC,35,45,3,"March 9, 2025"
10:00,Rayah Marshall subbing in for USC,35,45,3,"March 9, 2025"
10:00,Kiki Iriafen subbing in for USC,35,45,3,"March 9, 2025"
10:00,Talia von Oelhoffen subbing in for USC,35,45,3,"March 9, 2025"
10:00,Janiah Barker subbing out for UCLA,35,45,3,"March 9, 2025"
10:00,Elina Aarnisalo subbing out for UCLA,35,45,3,"March 9, 2025"
10:00,Timea Gardiner subbing out for UCLA,35,45,3,"March 9, 2025"
10:00,Kiki Rice subbing in for UCLA,35,45,3,"March 9, 2025"
10:00,Gabriela Jaquez subbing in for UCLA,35,45,3,"March 9, 2025"
10:00,Angela Dugalic subbing in for UCLA,35,45,3,"March 9, 2025"
9:47,Talia von Oelhoffen made Three Point Jumper. Assisted by Rayah Marshall.,35,48,3,"March 9, 2025"
9:23,Gabriela Jaquez missed Three Point Jumper.,35,48,3,"March 9, 2025"
9:18,USC Defensive Rebound.,35,48,3,"March 9, 2025"
8:50,Talia von Oelhoffen missed Three Point Jumper.,35,48,3,"March 9, 2025"
8:46,Rayah Marshall Offensive Rebound.,35,48,3,"March 9, 2025"
8:43,Kennedy Smith missed Three Point Jumper.,35,48,3,"March 9, 2025"
8:40,Kennedy Smith Offensive Rebound.,35,48,3,"March 9, 2025"
8:28,JuJu Watkins Turnover.,35,48,3,"March 9, 2025"
8:28,Angela Dugalic Steal.,35,48,3,"March 9, 2025"
8:25,Angela Dugalic Turnover.,35,48,3,"March 9, 2025"
8:25,JuJu Watkins Steal.,35,48,3,"March 9, 2025"
8:25,Foul on Londynn Jones.,35,48,3,"March 9, 2025"
8:25,Angela Dugalic subbing out for UCLA,35,48,3,"March 9, 2025"
8:25,Timea Gardiner subbing in for UCLA,35,48,3,"March 9, 2025"
8:16,Foul on Kiki Rice.,35,48,3,"March 9, 2025"
8:09,Kennedy Smith missed Three Point Jumper.,35,48,3,"March 9, 2025"
8:05,Kiki Rice Defensive Rebound.,35,48,3,"March 9, 2025"
7:38,Timea Gardiner missed Three Point Jumper.,35,48,3,"March 9, 2025"
7:35,USC Defensive Rebound.,35,48,3,"March 9, 2025"
7:23,Talia von Oelhoffen Turnover.,35,48,3,"March 9, 2025"
7:14,Londynn Jones Turnover.,35,48,3,"March 9, 2025"
7:14,Rayah Marshall Steal.,35,48,3,"March 9, 2025"
7:07,JuJu Watkins missed Layup.,35,48,3,"March 9, 2025"
7:05,UCLA Deadball Team Rebound.,35,48,3,"March 9, 2025"
7:05,Foul on Kiki Iriafen.,35,48,3,"March 9, 2025"
7:02,Foul on Kennedy Smith.,35,48,3,"March 9, 2025"
6:51,Londynn Jones made Three Point Jumper. Assisted by Kiki Rice.,38,48,3,"March 9, 2025"
6:37,JuJu Watkins missed Three Point Jumper.,38,48,3,"March 9, 2025"
6:34,Timea Gardiner Defensive Rebound.,38,48,3,"March 9, 2025"
6:26,Kiki Rice Turnover.,38,48,3,"March 9, 2025"
6:26,Talia von Oelhoffen Steal.,38,48,3,"March 9, 2025"
6:22,Foul on Londynn Jones.,38,48,3,"March 9, 2025"
6:20,Kiki Iriafen missed Jumper.,38,48,3,"March 9, 2025"
6:19,USC Deadball Team Rebound.,38,48,3,"March 9, 2025"
6:19,Foul on Gabriela Jaquez.,38,48,3,"March 9, 2025"
6:19,Londynn Jones subbing out for UCLA,38,48,3,"March 9, 2025"
6:19,Janiah Barker subbing in for UCLA,38,48,3,"March 9, 2025"
6:10,Kennedy Smith missed Three Point Jumper.,38,48,3,"March 9, 2025"
6:10,Kiki Iriafen Offensive Rebound.,38,48,3,"March 9, 2025"
5:58,Kiki Iriafen missed Jumper.,38,48,3,"March 9, 2025"
5:56,Janiah Barker Defensive Rebound.,38,48,3,"March 9, 2025"
5:35,Foul on JuJu Watkins.,38,48,3,"March 9, 2025"
5:35,Kiki Iriafen subbing out for USC,38,48,3,"March 9, 2025"
5:35,Malia Samuels subbing in for USC,38,48,3,"March 9, 2025"
5:35,Lauren Betts made Free Throw.,39,48,3,"March 9, 2025"
5:35,Lauren Betts made Free Throw.,40,48,3,"March 9, 2025"
5:18,Talia von Oelhoffen missed Layup.,40,48,3,"March 9, 2025"
5:16,Gabriela Jaquez Defensive Rebound.,40,48,3,"March 9, 2025"
5:09,Timea Gardiner missed Three Point Jumper.,40,48,3,"March 9, 2025"
5:05,Kennedy Smith Defensive Rebound.,40,48,3,"March 9, 2025"
5:01,Talia von Oelhoffen made Layup. Assisted by Kennedy Smith.,40,50,3,"March 9, 2025"
5:01,Foul on Janiah Barker.,40,50,3,"March 9, 2025"
5:01,Rayah Marshall subbing out for USC,40,50,3,"March 9, 2025"
5:01,Clarice Akunwafo subbing in for USC,40,50,3,"March 9, 2025"
5:01,Talia von Oelhoffen missed Free Throw.,40,50,3,"March 9, 2025"
5:00,Janiah Barker Defensive Rebound.,40,50,3,"March 9, 2025"
4:48,Lauren Betts made Layup. Assisted by Gabriela Jaquez.,42,50,3,"March 9, 2025"
4:21,JuJu Watkins made Jumper. Assisted by Talia von Oelhoffen.,42,52,3,"March 9, 2025"
4:04,Timea Gardiner made Three Point Jumper. Assisted by Kiki Rice.,45,52,3,"March 9, 2025"
3:55,USC Timeout,45,52,3,"March 9, 2025"
3:55,Official TV Timeout,45,52,3,"March 9, 2025"
3:55,Kennedy Smith subbing out for USC,45,52,3,"March 9, 2025"
3:55,Talia von Oelhoffen subbing out for USC,45,52,3,"March 9, 2025"
3:55,Avery Howell subbing in for USC,45,52,3,"March 9, 2025"
3:55,Kiki Iriafen subbing in for USC,45,52,3,"March 9, 2025"
3:35,Kiki Iriafen missed Jumper.,45,52,3,"March 9, 2025"
3:35,Janiah Barker Block.,45,52,3,"March 9, 2025"
3:32,Lauren Betts Defensive Rebound.,45,52,3,"March 9, 2025"
3:08,Lauren Betts Turnover.,45,52,3,"March 9, 2025"
3:08,Official TV Timeout,45,52,3,"March 9, 2025"
2:53,JuJu Watkins missed Three Point Jumper.,45,52,3,"March 9, 2025"
2:50,Gabriela Jaquez Defensive Rebound.,45,52,3,"March 9, 2025"
2:50,Foul on JuJu Watkins.,45,52,3,"March 9, 2025"
2:29,Lauren Betts made Jumper. Assisted by Kiki Rice.,47,52,3,"March 9, 2025"
2:18,Kiki Iriafen made Jumper. Assisted by JuJu Watkins.,47,54,3,"March 9, 2025"
1:54,Lauren Betts made Layup. Assisted by Gabriela Jaquez.,49,54,3,"March 9, 2025"
1:54,Foul on Clarice Akunwafo.,49,54,3,"March 9, 2025"
1:54,Lauren Betts made Free Throw.,50,54,3,"March 9, 2025"
1:41,JuJu Watkins missed Layup.,50,54,3,"March 9, 2025"
1:37,UCLA Defensive Rebound.,50,54,3,"March 9, 2025"
1:25,Kiki Rice Turnover.,50,54,3,"March 9, 2025"
1:25,Avery Howell Steal.,50,54,3,"March 9, 2025"
1:13,JuJu Watkins Turnover.,50,54,3,"March 9, 2025"
1:13,Lauren Betts Steal.,50,54,3,"March 9, 2025"
1:07,Timea Gardiner missed Three Point Jumper.,50,54,3,"March 9, 2025"
1:03,Kiki Iriafen Defensive Rebound.,50,54,3,"March 9, 2025"
0:54,Kiki Iriafen missed Jumper.,50,54,3,"March 9, 2025"
0:51,Timea Gardiner Defensive Rebound.,50,54,3,"March 9, 2025"
0:34,Kiki Rice made Layup.,52,54,3,"March 9, 2025"
0:10,JuJu Watkins Turnover.,52,54,3,"March 9, 2025"
0:10,Lauren Betts Steal.,52,54,3,"March 9, 2025"
0:04,UCLA Timeout,52,54,3,"March 9, 2025"
0:04,Kiki Iriafen subbing out for USC,52,54,3,"March 9, 2025"
0:04,Kennedy Smith subbing in for USC,52,54,3,"March 9, 2025"
0:00,Gabriela Jaquez missed Jumper.,52,54,3,"March 9, 2025"
0:00,UCLA Deadball Team Rebound.,52,54,3,"March 9, 2025"
0:00,End of 3rd Quarter,52,54,3,"March 9, 2025"
10:00,Malia Samuels subbing out for USC,52,54,4,"March 9, 2025"
10:00,Talia von Oelhoffen subbing in for USC,52,54,4,"March 9, 2025"
9:37,Kiki Rice Turnover.,52,54,4,"March 9, 2025"
9:37,Kennedy Smith Steal.,52,54,4,"March 9, 2025"
9:28,Kennedy Smith missed Three Point Jumper.,52,54,4,"March 9, 2025"
9:23,Janiah Barker Defensive Rebound.,52,54,4,"March 9, 2025"
8:54,Lauren Betts made Layup.,54,54,4,"March 9, 2025"
8:43,Foul on JuJu Watkins.,54,54,4,"March 9, 2025"
8:43,JuJu Watkins Turnover.,54,54,4,"March 9, 2025"
8:43,Avery Howell subbing out for USC,54,54,4,"March 9, 2025"
8:43,Clarice Akunwafo subbing out for USC,54,54,4,"March 9, 2025"
8:43,Rayah Marshall subbing in for USC,54,54,4,"March 9, 2025"
8:43,Kiki Iriafen subbing in for USC,54,54,4,"March 9, 2025"
8:43,Kiki Rice subbing out for UCLA,54,54,4,"March 9, 2025"
8:43,Londynn Jones subbing in for UCLA,54,54,4,"March 9, 2025"
8:30,Janiah Barker made Jumper. Assisted by Londynn Jones.,56,54,4,"March 9, 2025"
8:01,Rayah Marshall missed Jumper.,56,54,4,"March 9, 2025"
7:59,Kennedy Smith Offensive Rebound.,56,54,4,"March 9, 2025"
7:59,Foul on Gabriela Jaquez.,56,54,4,"March 9, 2025"
7:59,Gabriela Jaquez subbing out for UCLA,56,54,4,"March 9, 2025"
7:59,Kiki Rice subbing in for UCLA,56,54,4,"March 9, 2025"
7:54,JuJu Watkins missed Layup.,56,54,4,"March 9, 2025"
7:54,Lauren Betts Block.,56,54,4,"March 9, 2025"
7:52,Lauren Betts Defensive Rebound.,56,54,4,"March 9, 2025"
7:46,Londynn Jones Turnover.,56,54,4,"March 9, 2025"
7:46,Rayah Marshall Steal.,56,54,4,"March 9, 2025"
7:39,JuJu Watkins missed Layup.,56,54,4,"March 9, 2025"
7:35,Janiah Barker Defensive Rebound.,56,54,4,"March 9, 2025"
7:27,UCLA Turnover.,56,54,4,"March 9, 2025"
7:27,Janiah Barker subbing out for UCLA,56,54,4,"March 9, 2025"
7:27,Angela Dugalic subbing in for UCLA,56,54,4,"March 9, 2025"
7:27,Talia von Oelhoffen subbing out for USC,56,54,4,"March 9, 2025"
7:27,Malia Samuels subbing in for USC,56,54,4,"March 9, 2025"
7:10,Rayah Marshall missed Jumper.,56,54,4,"March 9, 2025"
7:07,Malia Samuels Offensive Rebound.,56,54,4,"March 9, 2025"
7:00,Malia Samuels Turnover.,56,54,4,"March 9, 2025"
6:39,Kiki Rice missed Jumper.,56,54,4,"March 9, 2025"
6:38,USC Defensive Rebound.,56,54,4,"March 9, 2025"
6:18,JuJu Watkins missed Layup.,56,54,4,"March 9, 2025"
6:16,Lauren Betts Defensive Rebound.,56,54,4,"March 9, 2025"
6:11,Kiki Rice missed Layup.,56,54,4,"March 9, 2025"
6:11,Malia Samuels Block.,56,54,4,"March 9, 2025"
6:09,Kiki Rice Offensive Rebound.,56,54,4,"March 9, 2025"
6:08,Kiki Rice made Layup.,58,54,4,"March 9, 2025"
5:55,Foul on Timea Gardiner.,58,54,4,"March 9, 2025"
5:55,Kiki Iriafen made Free Throw.,58,55,4,"March 9, 2025"
5:55,Kiki Iriafen made Free Throw.,58,56,4,"March 9, 2025"
5:55,Timea Gardiner subbing out for UCLA,58,56,4,"March 9, 2025"
5:55,Angela Dugalic subbing out for UCLA,58,56,4,"March 9, 2025"
5:55,Janiah Barker subbing in for UCLA,58,56,4,"March 9, 2025"
5:55,Gabriela Jaquez subbing in for UCLA,58,56,4,"March 9, 2025"
5:44,Kiki Rice Turnover.,58,56,4,"March 9, 2025"
5:29,JuJu Watkins Turnover.,58,56,4,"March 9, 2025"
5:29,Londynn Jones Steal.,58,56,4,"March 9, 2025"
5:26,Londynn Jones Turnover.,58,56,4,"March 9, 2025"
5:06,Rayah Marshall Turnover.,58,56,4,"March 9, 2025"
5:06,Kiki Rice Steal.,58,56,4,"March 9, 2025"
4:59,Gabriela Jaquez made Layup. Assisted by Kiki Rice.,60,56,4,"March 9, 2025"
4:36,JuJu Watkins missed Jumper.,60,56,4,"March 9, 2025"
4:33,UCLA Defensive Rebound.,60,56,4,"March 9, 2025"
4:33,Official TV Timeout,60,56,4,"March 9, 2025"
4:33,Kennedy Smith subbing out for USC,60,56,4,"March 9, 2025"
4:33,Rayah Marshall subbing out for USC,60,56,4,"March 9, 2025"
4:33,Avery Howell subbing in for USC,60,56,4,"March 9, 2025"
4:33,Clarice Akunwafo subbing in for USC,60,56,4,"March 9, 2025"
4:10,Foul on Clarice Akunwafo.,60,56,4,"March 9, 2025"
4:10,Janiah Barker made Free Throw.,61,56,4,"March 9, 2025"
4:10,Janiah Barker made Free Throw.,62,56,4,"March 9, 2025"
3:43,Kiki Iriafen missed Layup.,62,56,4,"March 9, 2025"
3:43,Lauren Betts Block.,62,56,4,"March 9, 2025"
3:42,USC Offensive Rebound.,62,56,4,"March 9, 2025"
3:42,Malia Samuels subbing out for USC,62,56,4,"March 9, 2025"
3:42,Kennedy Smith subbing in for USC,62,56,4,"March 9, 2025"
3:42,USC Timeout,62,56,4,"March 9, 2025"
3:41,Avery Howell missed Three Point Jumper.,62,56,4,"March 9, 2025"
3:38,UCLA Defensive Rebound.,62,56,4,"March 9, 2025"
3:21,Janiah Barker missed Jumper.,62,56,4,"March 9, 2025"
3:17,JuJu Watkins Defensive Rebound.,62,56,4,"March 9, 2025"
3:13,Foul on Kiki Rice.,62,56,4,"March 9, 2025"
3:13,JuJu Watkins made Free Throw.,62,57,4,"March 9, 2025"
3:13,JuJu Watkins made Free Throw.,62,58,4,"March 9, 2025"
3:13,Avery Howell subbing out for USC,62,58,4,"March 9, 2025"
3:13,Malia Samuels subbing in for USC,62,58,4,"March 9, 2025"
3:13,Janiah Barker subbing out for UCLA,62,58,4,"March 9, 2025"
3:13,Angela Dugalic subbing in for UCLA,62,58,4,"March 9, 2025"
2:56,Foul on Clarice Akunwafo.,62,58,4,"March 9, 2025"
2:56,Clarice Akunwafo subbing out for USC,62,58,4,"March 9, 2025"
2:56,Rayah Marshall subbing in for USC,62,58,4,"March 9, 2025"
2:44,Foul on Malia Samuels.,62,58,4,"March 9, 2025"
2:44,Malia Samuels subbing out for USC,62,58,4,"March 9, 2025"
2:44,Avery Howell subbing in for USC,62,58,4,"March 9, 2025"
2:44,Angela Dugalic subbing out for UCLA,62,58,4,"March 9, 2025"
2:44,Janiah Barker subbing in for UCLA,62,58,4,"March 9, 2025"
2:44,Kiki Rice made Free Throw.,63,58,4,"March 9, 2025"
2:44,Kiki Rice made Free Throw.,64,58,4,"March 9, 2025"
2:32,Kennedy Smith missed Three Point Jumper.,64,58,4,"March 9, 2025"
2:28,Avery Howell Offensive Rebound.,64,58,4,"March 9, 2025"
2:27,Avery Howell missed Three Point Jumper.,64,58,4,"March 9, 2025"
2:24,UCLA Defensive Rebound.,64,58,4,"March 9, 2025"
2:24,Avery Howell subbing out for USC,64,58,4,"March 9, 2025"
2:24,Malia Samuels subbing in for USC,64,58,4,"March 9, 2025"
2:24,Janiah Barker subbing out for UCLA,64,58,4,"March 9, 2025"
2:24,Angela Dugalic subbing in for UCLA,64,58,4,"March 9, 2025"
2:19,Foul on Angela Dugalic.,64,58,4,"March 9, 2025"
2:19,Angela Dugalic Turnover.,64,58,4,"March 9, 2025"
2:19,Kennedy Smith subbing out for USC,64,58,4,"March 9, 2025"
2:19,Avery Howell subbing in for USC,64,58,4,"March 9, 2025"
2:19,Angela Dugalic subbing out for UCLA,64,58,4,"March 9, 2025"
2:19,Janiah Barker subbing in for UCLA,64,58,4,"March 9, 2025"
2:04,JuJu Watkins missed Layup.,64,58,4,"March 9, 2025"
2:04,Lauren Betts Block.,64,58,4,"March 9, 2025"
2:02,Kiki Rice Defensive Rebound.,64,58,4,"March 9, 2025"
1:37,Kiki Rice Turnover.,64,58,4,"March 9, 2025"
1:37,Malia Samuels subbing out for USC,64,58,4,"March 9, 2025"
1:37,Avery Howell subbing out for USC,64,58,4,"March 9, 2025"
1:37,Kennedy Smith subbing in for USC,64,58,4,"March 9, 2025"
1:37,Talia von Oelhoffen subbing in for USC,64,58,4,"March 9, 2025"
1:28,JuJu Watkins missed Three Point Jumper.,64,58,4,"March 9, 2025"
1:24,Kennedy Smith Offensive Rebound.,64,58,4,"March 9, 2025"
1:18,Talia von Oelhoffen Turnover.,64,58,4,"March 9, 2025"
1:18,Kiki Rice Steal.,64,58,4,"March 9, 2025"
1:17,Kiki Rice Turnover.,64,58,4,"March 9, 2025"
1:17,Kennedy Smith Steal.,64,58,4,"March 9, 2025"
1:13,JuJu Watkins made Jumper. Assisted by Kiki Iriafen.,64,60,4,"March 9, 2025"
0:57,UCLA Timeout,64,60,4,"March 9, 2025"
0:57,Janiah Barker subbing out for UCLA,64,60,4,"March 9, 2025"
0:57,Timea Gardiner subbing in for UCLA,64,60,4,"March 9, 2025"
0:45,Lauren Betts made Layup.,66,60,4,"March 9, 2025"
0:35,Talia von Oelhoffen missed Three Point Jumper.,66,60,4,"March 9, 2025"
0:30,Rayah Marshall Offensive Rebound.,66,60,4,"March 9, 2025"
0:29,Rayah Marshall made Layup.,66,62,4,"March 9, 2025"
0:25,Foul on JuJu Watkins.,66,62,4,"March 9, 2025"
0:25,Timea Gardiner subbing out for UCLA,66,62,4,"March 9, 2025"
0:25,Janiah Barker subbing in for UCLA,66,62,4,"March 9, 2025"
0:25,Kiki Rice made Free Throw.,67,62,4,"March 9, 2025"
0:25,Kiki Rice made Free Throw.,68,62,4,"March 9, 2025"
0:25,USC Timeout,68,62,4,"March 9, 2025"
0:25,Rayah Marshall subbing out for USC,68,62,4,"March 9, 2025"
0:25,Avery Howell subbing in for USC,68,62,4,"March 9, 2025"
0:16,Kennedy Smith Turnover.,68,62,4,"March 9, 2025"
0:16,JuJu Watkins subbing out for USC,68,62,4,"March 9, 2025"
0:16,Malia Samuels subbing in for USC,68,62,4,"March 9, 2025"
0:16,Janiah Barker subbing out for UCLA,68,62,4,"March 9, 2025"
0:16,Lauren Betts subbing out for UCLA,68,62,4,"March 9, 2025"
0:16,Timea Gardiner subbing in for UCLA,68,62,4,"March 9, 2025"
0:16,Angela Dugalic subbing in for UCLA,68,62,4,"March 9, 2025"
0:14,Malia Samuels subbing out for USC,68,62,4,"March 9, 2025"
0:14,JuJu Watkins subbing in for USC,68,62,4,"March 9, 2025"
0:13,Foul on Avery Howell.,68,62,4,"March 9, 2025"
0:13,Timea Gardiner subbing out for UCLA,68,62,4,"March 9, 2025"
0:13,Angela Dugalic subbing out for UCLA,68,62,4,"March 9, 2025"
0:13,Janiah Barker subbing in for UCLA,68,62,4,"March 9, 2025"
0:13,Lauren Betts subbing in for UCLA,68,62,4,"March 9, 2025"
0:13,Londynn Jones made Free Throw.,69,62,4,"March 9, 2025"
0:13,Londynn Jones made Free Throw.,70,62,4,"March 9, 2025"
0:13,USC Timeout,70,62,4,"March 9, 2025"
0:11,JuJu Watkins made Three Point Jumper. Assisted by Kennedy Smith.,70,65,4,"March 9, 2025"
0:10,UCLA Timeout,70,65,4,"March 9, 2025"
0:10,Janiah Barker subbing out for UCLA,70,65,4,"March 9, 2025"
0:10,Lauren Betts subbing out for UCLA,70,65,4,"March 9, 2025"
0:10,Timea Gardiner subbing in for UCLA,70,65,4,"March 9, 2025"
0:10,Angela Dugalic subbing in for UCLA,70,65,4,"March 9, 2025"
0:10,Gabriela Jaquez Turnover.,70,65,4,"March 9, 2025"
0:10,JuJu Watkins Steal.,70,65,4,"March 9, 2025"
0:04,JuJu Watkins made Layup.,70,67,4,"March 9, 2025"
0:03,Foul on Avery Howell.,70,67,4,"March 9, 2025"
0:03,Timea Gardiner subbing out for UCLA,70,67,4,"March 9, 2025"
0:03,Angela Dugalic subbing out for UCLA,70,67,4,"March 9, 2025"
0:03,Janiah Barker subbing in for UCLA,70,67,4,"March 9, 2025"
0:03,Lauren Betts subbing in for UCLA,70,67,4,"March 9, 2025"
0:03,Londynn Jones made Free Throw.,71,67,4,"March 9, 2025"
0:03,Londynn Jones made Free Throw.,72,67,4,"March 9, 2025"
0:01,JuJu Watkins missed Three Point Jumper.,72,67,4,"March 9, 2025"
0:00,USC Deadball Team Rebound.,72,67,4,"March 9, 2025"
0:00,End of 4th Quarter,72,67,4,"March 9, 2025"
0:00,End of Game,72,67,4,"March 9, 2025"